,p_prism,p_gpm,p_dmet,p_chirps,p_psn,aet_modis,aet_gldas,aet_tc,aet_fldas,pet_modis,pet_gldas,pet_tc,pet_nldas,pet_gmet,sm_smos,sm_smap,sm_tc,sm_gldas,r_tc,r_gldas,r_fldas
2001-01-31,0.19992693205249779,0.2647566801551546,0.21995886132229608,0.20917605950290227,0.32759073255460835,0.048734294771680314,0.04909826159884368,0.1317602083718589,0.06923932586744574,0.18109548609111142,0.18856281618542162,0.1317602083718589,0.2480397372884002,0.11699616609848823,,,0.11294203221293178,1.4368992710469435,0.011916971075258825,0.0029754533483248137,0.007712082933716702
2001-02-28,0.21778875428270886,0.31222525776664456,0.22800239423363214,0.21669196329585938,0.35272811509690916,0.08269560405430372,0.07106601512953818,0.16784456304539694,0.10062944252869355,0.21736408123798973,0.20489510958552046,0.16907463446755486,0.2623450869927213,0.16722320994328355,,,0.12339499370174746,1.6342332000026012,0.00935584587174903,0.007762333454385457,0.010057294163626166
2001-03-31,0.059343170986182366,0.11012086964354001,0.048923857173599476,0.09668231382545546,0.17518175241515752,0.1726064366104801,0.2030708983031711,0.11426952970079784,0.1943957561372354,0.4817981137908177,0.4672475190053897,0.35474747534120404,0.5208694535817886,0.34880883650141237,,,0.09200515088946197,1.8897977207877883,0.003973015801588234,0.005788330265350536,0.0010762433309719377
2001-04-30,0.14013882540932482,0.19094780878062753,0.15569114761149735,0.11317197660530338,0.13629288191489197,0.12158462838724927,0.23368479670777498,0.17037333608212457,0.15436478972845458,0.44535961119299927,0.6470090899910818,0.4725385892839513,0.6743774118333341,0.4334313633442117,,,0.07363138061894274,1.7767302330973638,0.00794745370653726,0.00666113528371926,0.007031239882759844
2001-05-31,5.604291427986554e-06,0.005059086701164802,0.0,0.016940124658132626,0.01203539224224454,0.1195604630045577,0.2655781529122455,0.017620966783187416,0.09693284739350426,0.9378006723442266,1.393142666617829,0.7769593573343947,1.2599852101470657,0.8273610346559079,,,0.06146143263924707,1.5639306540864437,0.0,0.002596045004425196,0.00014422355252294175
2001-06-30,0.0,0.0005772540454081149,0.0,0.005056767319320788,0.0008412654352988974,0.05471362931071248,0.12418489969879482,0.01029842243148128,0.025213298677496467,0.6567254345134925,1.5962990758404292,0.8641439385645404,1.3903692348889,0.8571851392025401,,,0.04989195460286745,1.3746366626175681,0.0,0.001979443464149597,5.0635823968068274e-05
2001-07-31,0.00553545670048632,0.015001890189496048,0.005723891788983322,0.0025311417751442645,0.012404545702919352,0.14702167123635415,0.06210778855242749,0.008228870015271983,0.010251800642717735,0.9548802136589325,1.4176837490315817,0.8049595950733581,1.3886760327333552,0.8126983375556353,,,0.043049039262820395,1.2889182386737335,0.0,0.001799950031643009,5.056336239155865e-05
2001-08-31,0.0,0.0008733428508181405,0.0,0.0031596913497934772,0.0009525989043559154,0.08888156701501118,0.020902301929201686,0.006081683533060279,0.0049912345265063435,0.9174604606794026,1.4739256684873006,0.7603262881688185,1.3229160922958365,0.7727938970060998,,,0.038082220823893335,1.239691947351938,0.0,0.0016549608225804667,5.008139019243719e-05
2001-09-30,1.9978238110861295e-06,0.001368915539731671,0.0,0.01156565602935022,0.002715707100008812,0.07585313784327116,0.012214857624017415,0.0056864796618177355,0.002720374680163633,0.7842892330551037,1.162643767112892,0.5738115816344908,1.0083699788691267,0.5796778183428586,,,0.034196780307074515,1.2149533179273326,0.0,0.0015171439666012085,5.125243311430437e-05
2001-10-31,0.023022524627651954,0.03479922784235964,0.024010794333050096,0.049472545465300326,0.03947755825570383,0.03824631877121471,0.013285953580159436,0.020254383498933798,0.008311007047500289,0.4226013213214755,0.8393287505946038,0.37801815589329457,0.7229118930242588,0.3952962343184772,,,0.030920198844335684,1.206570832892048,0.0,0.0017146807955942805,0.0009749561804633527
2001-11-30,0.16768940002164126,0.21380721793010396,0.2072874026644062,0.18062443168923886,0.23085758858376032,0.04853576497280801,0.039912899538975706,0.1680260601251339,0.07212583231423439,0.2618240704424686,0.30195885642965065,0.19205346492508046,0.32612728288970694,0.16675652733732657,,,0.039436555356762354,1.2905657015395546,0.008978452052823539,0.0035400485340278433,0.006501533227095954
2001-12-31,0.2420684159795656,0.2808365927572637,0.23607567180713335,0.23381691357983914,0.30140077853528097,0.04241754270679105,0.02953419003864848,0.11615734219910916,0.07827676012013932,0.13560981870689387,0.12047463219607576,0.11618021174081765,0.18369264656074905,0.10339477553930623,,,0.07158736899252707,1.5084923655601767,0.008581878714349025,0.004844853488490098,0.004536632240197339
2002-01-31,0.086012245489319,0.09806223280214964,0.0907651370234312,0.10672850744088196,0.08774408977742387,0.057594698725857776,0.04968580577782827,0.06541161936724098,0.07653436634547003,0.18695794978078545,0.18213552493292665,0.12570444583439444,0.20341241462947698,0.11643145754019774,,,0.06515674616852078,1.7404184805364538,0.003529059851662745,0.0018083947430555585,0.005010189378339946
2002-02-28,0.023407181486938353,0.04406574340234291,0.03350714958618927,0.04359899165338493,0.04732458219904733,0.10397394914128708,0.11256860599020613,0.03547355386524733,0.11803851749567003,0.3896269945916103,0.3548014445650498,0.2153965156303112,0.28867085928319863,0.1899667087949045,,,0.0542557900916455,1.7005316862324578,4.074550522745098e-05,0.001436101334210808,0.0008974629136932073
2002-03-31,0.09329799998568643,0.12730296869636606,0.1028321111016368,0.10173758617533049,0.09522409145411452,0.1187361252797095,0.19348399463839322,0.07300649834421363,0.159477039794577,0.4720432760420877,0.5601992021013088,0.35969680259150133,0.5001013636442107,0.338545749950857,,,0.0473644533543153,1.6548864571314654,0.0036441867000078423,0.0019465110698684012,0.004322229050890309
2002-04-30,0.03119997699373808,0.05656320186482732,0.026102946092993,0.042818427559843164,0.03655858593330127,0.10677720224766105,0.212429399263117,0.05675486499974222,0.13598395738252195,0.488938791829263,0.8963664321855652,0.4983022403465362,0.7325335342865601,0.467133536593316,,,0.04246742945390431,1.5145702383013553,0.0034662414597960785,0.0011078660540963501,0.00033578044823927446
2002-05-31,0.015703805522568965,0.03777754178922891,0.02365256683791748,0.022829466906079184,0.022719416553517894,0.12646504965474958,0.15461164493884078,0.024555689792248505,0.06556671846029902,0.8589126022604932,1.284871271188771,0.7107930792520243,1.1143146504848462,0.7207792679272881,,,0.03694789578551216,1.3742990464157496,5.595750574901961e-05,0.0010166550624571443,0.00011741499378030119
2002-06-30,0.0038032382103024382,0.00597445931627524,0.0,0.006078056685836225,0.00699442457561904,0.12644228472084298,0.07297258552416959,0.005189837518889172,0.028104570940807767,0.9879584389512293,1.577406673467613,0.8287256083006629,1.3456687221416839,0.8334725774473366,,,0.03253665045805177,1.2630255228107385,0.0,0.000899162943021022,5.4588477476720244e-05
2002-07-31,0.0,0.0005630057956046591,0.0,0.0022296149804371065,0.00047465078310618755,0.11272425205131874,0.02792836560900666,0.003849612559538374,0.00902887197706884,0.9721224264939134,1.607482675650354,0.8438983469002619,1.4538544533045346,0.8537422132624893,,,0.02829958091996863,1.1997935933711559,0.0,0.0008892290008376453,3.77771077149939e-05
2002-08-31,0.0,0.0006311709194907426,0.0,0.003158843092141687,0.0008529215128519507,0.08746939343073178,0.011947358802931116,0.00324507164051379,0.004050652355592289,0.8865300153606019,1.454020517842168,0.7594986928737759,1.2898595945505371,0.7390917154294863,,,0.02596198808756706,1.1665789494989038,0.0,0.0008629752024102411,3.7584186903180864e-05
2002-09-30,4.885642695850636e-06,0.0012603491756149007,0.0,0.011585122689312149,0.00010234220350814247,0.07512899242279754,0.006918019291330789,0.003093844933599996,0.002352058995474868,0.7662441609532682,1.1457031773029374,0.5757595420783796,0.9707332263084464,0.5588498986327777,,,0.02400850657320157,1.1496017518989956,0.0,0.000814993078174369,3.8261304035384974e-05
2002-10-31,3.5825704704298906e-05,0.003914740759253333,0.0,0.02059985916598676,0.00016429627851141323,0.03695658992207198,0.004262457328245407,0.0025757955155477825,0.008533994430895982,0.35278747019425266,0.7865839857489973,0.3595732704655597,0.6825299184231525,0.35191486499228714,,,0.022164380140724707,1.1425535464101588,0.0,0.0008240374119085437,0.0001223539709615007
2002-11-30,0.16473029868099837,0.2574145876873603,0.19168163735466523,0.15158698187197783,0.3178117369511363,0.042876782052551805,0.05257137073193277,0.16246389188145166,0.05450445181931049,0.27682033647863746,0.43339349796765186,0.20953637064970962,0.3209423474885058,0.16967883826563304,,,0.028754372595551372,1.2763469843707351,0.008652792434670585,0.007132607983151729,0.0047176033366643205
2002-12-31,0.15487331228055848,0.2588512862029107,0.19741977388347934,0.1651436947771706,0.3559481859788254,0.05212843435029694,0.06292782770467385,0.11562516353866495,0.06918413355722573,0.18452086787616448,0.19966405112226315,0.11562516353866495,0.1911599841331949,0.11176289541477118,,,0.0775551334026541,1.5089447835997198,0.009112532806207854,0.005269439025849989,0.004542686556831435
2003-01-31,0.02379611395710782,0.02715605836001165,0.020122247870632316,0.05111999480454666,0.023441723384038493,0.034060180625774296,0.0825113191043316,0.029370257145527573,0.06878618009092127,0.13376765161351634,0.3297260954420094,0.14367029833648148,0.22238694140146423,0.11693013122970373,,,0.06351060093931922,1.6716257180731968,2.516115294117647e-07,0.0008683829462404062,0.000624304718261827
2003-02-28,0.12650915040846805,0.21893052488294584,0.14750263673569647,0.17473649697793928,0.21575610370205278,0.11975776559287762,0.1316109218067171,0.15314869677468437,0.11930280736326407,0.3339155283138254,0.38904313794612483,0.18609279768622236,0.28628212559978267,0.17649041030255422,,,0.06282017150775215,1.7216138392112867,0.007977519611733331,0.004112561323390747,0.004667394645254929
2003-03-31,0.06566102492533939,0.11035784865016758,0.07499688727222256,0.08227804848918367,0.11959451980008685,0.1435194920439855,0.23790111978601242,0.06930127345511049,0.1580406666845589,0.4798265364890595,0.6169994791014246,0.3827118760881793,0.49961598614127417,0.3525850860846822,,,0.052729286996931767,1.7337611706453648,0.0035829659582431368,0.003169540217483912,0.002065190815345294
2003-04-30,0.13963211190314884,0.20754460381007148,0.15979341245585882,0.11621938346780762,0.20302669642467347,0.0996515677631468,0.24793740616661017,0.17773074920839724,0.1312622668949876,0.40968968669878836,0.7007545581026674,0.4377732261115063,0.6120913082301271,0.38888803813781914,,,0.04748724662753882,1.6718346174075243,0.008782066485411764,0.0028441230164152898,0.006530621514384803
2003-05-31,0.08495938472851246,0.1027822678992901,0.08607398340209384,0.04555786766465731,0.10425202616579518,0.12074646619445435,0.28224558636949737,0.06566466409260686,0.11202218924226248,0.7930180430567859,1.1452740144778923,0.6821320057763003,0.9887817762263948,0.6605717798999333,,,0.041636876050271374,1.571960539643968,0.0035561266377333325,0.001618338449716602,0.0005914739013103163
2003-06-30,6.256419366643924e-05,0.0006471860622275019,0.0,0.005069070002068161,0.001194693299452507,0.12065813621770069,0.15681839291544408,0.004961558402500293,0.033139363971428915,0.963861183266933,1.3957172645908091,0.8091385771289046,1.327861525173532,0.8085235836565894,,,0.034784122333866664,1.3613124535571965,0.0,0.001038472696979233,3.5455926586398915e-05
2003-07-31,0.0015163864837088705,0.017427521008649426,0.001092118171263988,0.003008913626612353,0.024855389080532114,0.08091043664059035,0.0705394151166101,0.004376305413379133,0.012119275571396158,0.9342465501780917,1.5027290805638613,0.8568178599304922,1.4798846442900795,0.8705208430541325,,,0.030217607485239217,1.2465479849780738,0.0,0.0009345130648090662,3.549410934976053e-05
2003-08-31,0.003953358811624567,0.01657069966493926,0.00016518505174267464,0.003530750837566762,0.02170317960668208,0.12964730057904095,0.0537387118508549,0.0057349655668202425,0.007094734991488935,0.9128985756606864,1.3911333056750528,0.7350987263868429,1.3029856527992438,0.7245399069060434,,,0.02716901111607216,1.208276965868614,0.0,0.0008619101414256844,3.5710285925297147e-05
2003-09-30,0.0018318095047862783,0.007292962218876903,0.00025510283083363133,0.013188827683680855,0.004554687232186048,0.08346726196958061,0.019595430908270796,0.004636962105040184,0.0037977402441121797,0.7740359574576874,1.1635832566278297,0.5703386113968714,1.052483454929408,0.5847144543502039,,,0.024955781077433726,1.177992465774145,0.0,0.0007786223346560513,3.7041110027932e-05
2003-10-31,0.00017848765267712067,0.0038218890066475117,0.0068134384234932064,0.020991386545122483,0.002340460542171223,0.04012602396288065,0.007062627943032024,0.003578570329724805,0.0029155421652653623,0.5003684813469877,0.8835490616927093,0.41320625512326403,0.7547027182360474,0.40758930920032466,,,0.023128996877251767,1.1628745443162294,0.0,0.000770181316525691,4.241711125687534e-05
2003-11-30,0.056836969687351684,0.0837266560964935,0.049215157754111304,0.07586680916739724,0.08416890253960621,0.061796356564331696,0.02933137224834912,0.06684879235887954,0.039687571705646185,0.31524712449650066,0.3414852272112032,0.17952465808018195,0.3264611364149749,0.16960949964722977,,,0.023061646144853336,1.1846340465033012,0.003562379085631372,0.0011306430884732714,0.0014056740835066085
2003-12-31,0.18548942265583318,0.272716199664531,0.20697470967124718,0.14837703511691666,0.2793022772899886,0.04076168581363157,0.049565046693235144,0.11950328773852066,0.059902722931462156,0.17456329238578977,0.19347993709878816,0.11959239452660347,0.21007637114102604,0.11530409194684133,,,0.06143871895391373,1.3205595881462593,0.00879429661400393,0.004465095456176202,0.003931680613588752
2004-01-31,0.09345840403434545,0.10742873582532911,0.07808377485433418,0.1180495523811399,0.11091332481741166,0.046692716107221276,0.05772984793832074,0.08005899823803929,0.07232599596002823,0.1813039802229776,0.2161502140986863,0.12333419031745409,0.2312519093017539,0.11258099245428181,,,0.057867422779030606,1.5588414974801004,0.0038537791680941158,0.0018187415461111607,0.00308568327517778
2004-02-29,0.21212813063463656,0.30656567275117036,0.23392545191193492,0.22676872828117695,0.4042239011240412,0.10534081444468431,0.08494452428996781,0.1731866944976109,0.12089372389847806,0.27580252357903706,0.258952273567073,0.17398329213854064,0.26957892520729937,0.17573923881363984,,,0.08161330044325649,1.6384020212820967,0.010611230599337261,0.01514710622872326,0.011205440559849537
2004-03-31,0.05113579730543494,0.0630979936362792,0.04919879060671036,0.07338482266945168,0.03428196950657387,0.17526750972673386,0.27030713154977454,0.06015614458400922,0.20131567298162728,0.6122184637787161,0.6877968779230275,0.4082938388430662,0.5658512651362659,0.3921662994178671,,,0.06289524410327844,1.7218154151031162,0.002719951861470587,0.0017019217306968948,0.003164707803597772
2004-04-30,0.013869078070527572,0.0225584493139123,0.014740701726499134,0.025907371979580315,0.022150057460126913,0.12135119006613346,0.22940917958102236,0.02153346331086037,0.10563113226172173,0.7764079927098587,1.0106911925142847,0.5379556365256163,0.8930289479786182,0.5622817496561844,,,0.05077724265050354,1.5125589677351496,0.0,0.0013797523233482984,0.0001397939480042636
2004-05-31,8.093210423229207e-06,0.007291594031701309,1.3681190138077737e-07,0.014767489123947954,0.008476045174733668,0.08288461779247483,0.12548622893666,0.010197983677795225,0.03382436680444201,0.6306013754167761,1.282572148894409,0.7559291696303835,1.2108440515089276,0.763764469610113,,,0.04330491173345883,1.34223007861631,0.0,0.0011316879710113112,5.1065827945804045e-05
2004-06-30,0.0,0.0005545448534873311,0.0,0.00510593162194049,0.00026402906433372703,0.13496121318215623,0.0549907245284155,0.00692463769644882,0.013101258861890895,0.9541871582034696,1.4385223599127215,0.8138956225071284,1.3971735924582194,0.8387217557432727,,,0.03711152586591373,1.247155963406212,0.0,0.0009535548755137331,3.339419341578752e-05
2004-07-31,0.0,0.0015002017708065063,0.0,0.002258458411744919,0.002665949412731502,0.11888260934249197,0.029384794262960635,0.005209921227836406,0.00714833898767075,0.9797757239877999,1.4792466291355693,0.8455290291412229,1.4135249976294693,0.8144637245279147,,,0.032046007339770984,1.1955252691694276,0.0,0.0009092997838209152,3.362286131766195e-05
2004-08-31,0.0,0.0020211199662449565,0.0,0.0031593733900318454,0.0021875969192011236,0.0887600598144639,0.015383382659988112,0.004358277113827837,0.0033443750816646105,0.9102201711750159,1.3353168358242293,0.7484708072647618,1.3009620714136814,0.7451621452046988,,,0.028509798171909025,1.162979839715006,0.0,0.0008617761837849721,3.307793382536683e-05
2004-09-30,1.0857908895308594e-06,0.001548381206951823,0.0,0.012201890440046152,0.0006324750398863885,0.06170866548116856,0.007762112151461697,0.004759133563616051,0.007163843584851272,0.7704466079208299,1.1180604391220803,0.58076792254739,1.025769673185995,0.5579465118831467,,,0.026199690738346666,1.1452436572754934,0.0,0.0008012410297748952,8.15519983720882e-05
2004-10-31,0.16273631441168007,0.23861322855960618,0.17962652222986758,0.12966699269449386,0.3108795192152659,0.07415739434299971,0.035576809112616244,0.17237913677900096,0.035324189204239916,0.4526414699311816,0.58092694318524,0.348731119738102,0.6038049832312138,0.3173910462123479,,,0.025076699475727063,1.2081347694852038,0.009053152800392166,0.006742598430285649,0.005260157793035296
2004-11-30,0.05972664007858821,0.07643164733821528,0.05582918614119686,0.04330774689772568,0.07661718651264209,0.05401494542446003,0.06668243480398456,0.08156111243154632,0.05083542599263617,0.20878043623917994,0.30594306787356007,0.1756430483545085,0.29004815811338847,0.13842320432836724,,,0.025920449432395295,1.4188505585840172,0.004242806514525495,0.0008711253358955613,0.000572100519513135
2004-12-31,0.1571860702006612,0.25818153932343896,0.1710678209130597,0.1382181320320396,0.4314825272684973,0.026472113821271345,0.05169302929726268,0.12591065301325022,0.05849047135971077,0.11187102885924238,0.2253342519287462,0.12591065301325022,0.1936077929200431,0.09930168693619293,,,0.12398955124816312,1.4907835975941168,0.01309578128336078,0.010019681259786821,0.0034078591689078396
2005-01-31,0.29597186428492256,0.4058759717814971,0.30330629829911193,0.31600376689591986,0.5177298598072726,0.05365078760832299,0.07017526336135381,0.10723631222959905,0.0988990993311198,0.0999951280904126,0.151730637483835,0.10723631222959905,0.1889964065596956,0.1022602519012487,,,0.2467134748190118,2.0614113154670055,0.01371372621938039,0.03464966316622954,0.008424326856816452
2005-02-28,0.12620030872547003,0.25885094362665134,0.18326524266730906,0.15777023829228323,0.3300496558255817,0.11356397344155032,0.14973491708978204,0.16280773233985968,0.1485321573424724,0.22384616836766635,0.30497681679039246,0.16632944685760429,0.2568389862695889,0.16553579402143107,,,0.2485181670118902,2.1674602565197283,0.00893904721233334,0.05215124328341406,0.0027225420825853766
2005-03-31,0.20556551273365323,0.2574948182407534,0.23932844593062885,0.17776416827260938,0.2650337536895686,0.16966029288298304,0.25427272261599665,0.22614476500716518,0.19304126526022425,0.450035100722734,0.5072567514260942,0.33298684886430213,0.43598670304037956,0.30082956172224146,,,0.17381673071314827,2.166632702516952,0.007625723216125492,0.06643968536000316,0.008617677158129182
2005-04-30,0.07111275401371535,0.10524683355719444,0.06587268060020011,0.07566398091615134,0.07758964294908641,0.1340081731090456,0.3167183121851919,0.15706870798006872,0.21611422112367223,0.45447437453099415,0.748671554946092,0.4932654567066297,0.6003409429513553,0.4339198642113761,,,0.10961731599661179,2.054727486187935,0.003553039790478431,0.031970598086839955,0.0013734629982242613
2005-05-31,0.120368841466639,0.1663490923705951,0.1433312557290334,0.06778664137336296,0.11710658221979571,0.16363147009785325,0.3471497094239695,0.1353448493042843,0.17074780187239116,0.7790217676706253,1.0728400317680369,0.7003748936401863,0.8986588687004392,0.6466448163296332,,,0.08284546886555609,1.8728552738559046,0.004583670889129413,0.015149564566253129,0.001423134081447683
2005-06-30,0.0,0.0008841851292409822,0.0,0.005047608462879286,0.008057694058152159,0.1511967453415843,0.24357152339681976,0.023168453302385768,0.06402903887075893,0.9293653987487105,1.2578222661929765,0.7850159919632619,1.1665816544834464,0.7335011914990481,,,0.06502597237579294,1.6106623098568087,0.0,0.009120582748146842,2.7330068305549836e-05
2005-07-31,5.098208247976532e-05,0.0010334493616377077,0.0,0.0022269985054264806,0.0016349120600294787,0.07049222044956442,0.10940107338462819,0.014919928581552945,0.02210177445994283,1.0084411654913132,1.512900770126588,0.8614806622248202,1.4963560304973016,0.8789118681409933,,,0.053547638952257254,1.4214033474590761,0.0,0.007654015554580877,2.653764236930097e-05
2005-08-31,1.0954650880361795e-05,0.008530588129647798,7.627028236409414e-05,0.0038251331287036446,0.011123672515373348,0.08729696730120425,0.04450752902395081,0.01146363707238438,0.011349641067449949,0.9081381031638011,1.3536345310792328,0.7464506144760981,1.3580236895911233,0.7989111334926334,,,0.045983295185618826,1.3416460579476286,0.0,0.0066916778809440434,2.7759140192670745e-05
2005-09-30,0.001490267704021054,0.019888642008050104,0.002431557236574919,0.013004244929867593,0.02726968700647601,0.09226362576106541,0.02876611501422374,0.019981335771836733,0.003995921660442942,0.7434577593675251,1.0150553268353295,0.5491487263300375,0.9387115068929031,0.533411485273899,,,0.04056882703380079,1.304271093442245,3.3267525137254906e-06,0.005920517507329962,2.6534352917610358e-05
2005-10-31,0.02002630724088278,0.03855304859006332,0.00989129814212368,0.03677134617270374,0.04937277856824586,0.05330382433174832,0.03841832681000082,0.06395155938787107,0.01877241089459532,0.3992679769508939,0.7149459752477891,0.38071637476933334,0.6739681601796901,0.358353195474499,,,0.03624567293269334,1.3038862248528085,0.0034958869973607844,0.0055676006342075075,0.0003887468341940159
2005-11-30,0.013071709695504592,0.026847389970621326,0.011811739420251127,0.04434356296140923,0.04864747797845217,0.037753900747849865,0.03635835402091203,0.020997805386583336,0.038452456381297025,0.3264287652882281,0.4294717877321765,0.21457305087652515,0.39225761962443145,0.19418558391013052,,,0.03263401112957491,1.3271178367638936,0.0,0.0051784141217043455,0.00046661395028658065
2005-12-31,0.11631314600054121,0.23248703543106217,0.17103845308670454,0.15649048092836387,0.31249029445007886,0.015187707909202281,0.05190598927693385,0.11656214562290866,0.04641783467997548,0.09282399203247577,0.23277920225858026,0.11693160444856078,0.21921832767769237,0.11017929857412041,,,0.07395509201899923,1.4307980662664934,0.00950232365742746,0.01280935386047162,0.0017808158758946247
2006-01-31,0.32484457077284856,0.36262240110152116,0.2767761006396522,0.2297401931009069,0.28119544457719176,0.049153284420469616,0.07491157333207611,0.14424680049240432,0.08706728852042772,0.1462354139678345,0.22679071819413255,0.14424680049240432,0.22701911983202447,0.1284501515788988,,,0.1563060927668706,1.8174504485197243,0.0130837592592745,0.01508424995804853,0.019997555264297754
2006-02-28,0.03672441279319715,0.10532841718208046,0.05405336588489601,0.06753867137537298,0.18040333715843448,0.10057268456112205,0.11754849461936127,0.09475259755238258,0.08178190837950287,0.35319491048269164,0.3920525121789775,0.21761658817025728,0.3102015663495222,0.195729111225091,,,0.11623927174284548,1.7591260982732932,0.003527044550741176,0.008720091982242344,0.0009537889396870242
2006-03-31,0.2818332005425522,0.36520249723731285,0.3438225311127245,0.2542077216892198,0.3790006500157678,0.10993471556658573,0.17349039339095534,0.21585395306767102,0.1497966047574453,0.27438591869896095,0.3609792062317446,0.2788276085468741,0.37659993845727746,0.24322160887271346,,,0.11171451412078433,1.8753726252093015,0.010716334770141183,0.02116669642224107,0.007949865421976102
2006-04-30,0.344677168739195,0.37447886735412667,0.313980110398669,0.24398705741210888,0.39717717146365933,0.17594860050204064,0.27299940649100374,0.30748544920477533,0.24447617403340102,0.42316137484815025,0.5210442523542239,0.4301360334624456,0.5249378150105732,0.36197286794736183,,,0.09406756074797175,2.1839610220686274,0.015138549030145113,0.07260128880613774,0.020597426675099274
2006-05-31,0.03795327478321032,0.04520233091967049,0.03830407070593677,0.03691902974792787,0.0801676256121138,0.1702841715261309,0.3555274263959458,0.059706961669632796,0.2047755232642197,0.814749371733982,1.0318948181787229,0.7122392457659238,0.9849179948600438,0.7048199435948517,,,0.06860555386036707,1.9345458414324148,0.0004331156698470588,0.029522892289923587,0.0003136213943375206
2006-06-30,4.303400687084959e-05,0.002284730131377635,0.0,0.0054212886182859795,0.001471101288653059,0.12048847157172933,0.3086821295891533,0.019179488966457325,0.10685182216263672,0.9723950334539321,1.2842042383962327,0.8330520381996309,1.290040295902609,0.8324060790119662,,,0.05417837087804236,1.6656726769476773,0.0,0.013907681290910856,2.8428527072319786e-05
2006-07-31,0.0006402580841564422,0.005875175988611239,0.0,0.002675263130942182,0.008599876468922692,0.08652758203220584,0.17582117726747304,0.01210214716789484,0.03224326046665171,0.9846906471465869,1.513017349301115,0.8610287810895514,1.4421220276141213,0.8664682243636869,,,0.045089030385342746,1.4697242899202343,0.0,0.010436401669575397,2.4865714319462813e-05
2006-08-31,8.023125718490492e-05,0.0008384967429590456,0.0,0.0031593735162762874,0.011228491989541983,0.10175742855928405,0.05006317848178277,0.008727570957821642,0.01164657002762845,0.9082659901269486,1.361540564346329,0.7577532522073209,1.2566681994786826,0.6981420084235307,,,0.03900139430008471,1.361864955894148,0.0,0.00867373048082067,2.3191712481077526e-05
2006-09-30,0.0,0.0011253755489966525,0.0,0.011669456748467684,0.0,0.08879354208794887,0.016210683139329277,0.0071520897635935264,0.004622803717933991,0.7226235091789482,1.1432182722389286,0.5612590145169122,1.0359953951565013,0.5632492773996579,,,0.03480466732333176,1.3143357340712403,0.0,0.007287725273159547,2.2800787613109184e-05
2006-10-31,0.022776591895913183,0.03398485697987273,0.024508867937841905,0.03248305665231214,0.035164182440224866,0.059947699681449605,0.030804856933824155,0.03393126079927175,0.022945572245359095,0.41625472057308616,0.6905682270200105,0.3715084571924517,0.6530552507291739,0.31783717527434974,,,0.03133522237440001,1.308775097764968,0.0002956724030196078,0.006734853009899845,0.00040158098672011996
2006-11-30,0.008081980088609553,0.024284382044908792,0.006254713621285603,0.03256675621493699,0.04129076445911676,0.043458811439237785,0.028751708456732698,0.01886248388428906,0.022161952476176458,0.30444613933246695,0.43300096170161073,0.20020518666834966,0.3755557137939729,0.18300739809134559,,,0.028768103479416475,1.3095878142170796,0.0,0.005864404464358868,0.0003343083359680811
2006-12-31,0.09892321538052871,0.14313928027496353,0.14240910619176336,0.1050861368483808,0.1536496260862883,0.03194764917793404,0.03525050722359093,0.09456471919040735,0.03685937240789861,0.2124041816917772,0.27016650526891584,0.13598001102152774,0.2204368499462029,0.12253202020712156,,,0.027904469732090983,1.357613400076791,0.0044841328236078495,0.006478777801853067,0.0029325878046842445
2007-01-31,0.04234865202179321,0.059530997881515973,0.051838043157296974,0.03952755368679288,0.06600431383063715,0.026471839004887008,0.04904759948424667,0.05538397898089981,0.04118701697847708,0.16688166213112626,0.3163698761425926,0.14296974452369746,0.2153009429202655,0.1278941564514216,,,0.026348065983949807,1.4407667623915348,0.003529059851662745,0.005275823228898031,0.00039255642036273427
2007-02-28,0.12838839809773572,0.23623184856173934,0.16464470806789105,0.14548476529765772,0.2306701698507803,0.06705076534567021,0.08319979130697121,0.11440410956668866,0.08671346082197202,0.22875528494501277,0.29682446073416463,0.18745404489088244,0.27811376717422254,0.16828544179763827,,,0.02673433938482196,1.546307690648817,0.005938231025635288,0.007092024767565276,0.005115805834596238
2007-03-31,0.06094085000047342,0.07219531113210685,0.07586089762674303,0.0773170989541492,0.049197830965630185,0.14044660604230857,0.16496227420969978,0.04852833070985889,0.13351935599545978,0.589390604367894,0.6806725458194988,0.403205239660691,0.5805161140244407,0.3811417325396747,,,0.026599821891061963,1.5197782342868318,0.0030042839441019567,0.004478673026629811,0.002136203068177678
2007-04-30,0.049393948034267623,0.07318142860491107,0.047860871027412114,0.07167497905870486,0.06808941990850167,0.11208336344472696,0.1343702862799928,0.04076463226882949,0.1062959483720615,0.48516136713509067,0.854360374936528,0.5184386343898858,0.7909092266162252,0.505061391041851,,,0.025231112293596866,1.4271123690302034,0.002856037024917644,0.004583284771619711,0.002664978272452373
2007-05-31,0.0010986107395470396,0.005883837307903853,0.0004042956551702928,0.01492489644786234,0.008932282481116471,0.13005156000735868,0.07562629311065643,0.0032651235284024463,0.03627999356863807,0.8860123875463501,1.3633740326355848,0.7416719299217742,1.1708815389103835,0.7281601630560192,,,0.023776536704501965,1.326629415682044,0.0,0.0036084866577565976,4.5981132614883626e-05
2007-06-30,0.0,0.00028157444582507243,0.0,0.005216363667094586,0.0,0.1062058836078899,0.029486582127672176,0.0016551285512896978,0.011029722368143499,0.9908007052115082,1.5207885605956841,0.832521549682704,1.3400494574438055,0.8380113223090052,,,0.02134596503351216,1.257648130241464,0.0,0.003277899785299707,2.150354671424781e-05
2007-07-31,7.297126874546012e-06,0.0011038358182270667,0.0,0.002239460298242753,0.0016860299686168405,0.10819302156685871,0.020025037489587016,0.001480675525426093,0.005328073102194011,0.9963644745564584,1.512091022817261,0.8551913247919096,1.419361438366495,0.8424710995996083,,,0.019138784100592943,1.2179783887906779,0.0,0.0032001253087648594,2.0834974294128344e-05
2007-08-31,0.0037927734736043265,0.006547767731200353,0.0028581850070593853,0.0034631564248462257,0.010061680852808955,0.09340987724005546,0.015941469446004157,0.005127717397220886,0.002821719858864389,0.9254251071335594,1.3639456718332408,0.7644821628839804,1.3301430631414521,0.7941300359420136,,,0.017861414620461178,1.1913186988963727,0.0,0.0030343940570938775,2.081829609828675e-05
2007-09-30,0.02514308048637641,0.0309084248796551,0.03603848303165085,0.02088572063070915,0.02335840124287085,0.1013928624624278,0.022838802614546762,0.018744141220148045,0.010752167031501012,0.7005791393805874,1.0640384428138452,0.5581231156682519,0.9609433074989747,0.5459767510893725,,,0.01698579194739451,1.181995806169775,1.7636893921568629e-06,0.0028101789934707865,7.586136669959015e-05
2007-10-31,0.05960873372704715,0.04790734450240454,0.05985690162129277,0.05681849087510394,0.04045990789442292,0.05646519167329104,0.028913952785921175,0.048660525319393896,0.016256457461482667,0.4214026957264954,0.7277954943932424,0.38531107731636616,0.6329771801286085,0.335196186368623,,,0.015863191693753727,1.1873294609186809,0.0032758745244745075,0.0028364842613984318,0.0029660785196535828
2007-11-30,0.01209655057625988,0.017458826210444794,0.016416775802707232,0.03376611292183447,0.009759237123597456,0.03931134427238418,0.022309568688883417,0.01102226478392925,0.04110145402074378,0.28579030069141964,0.4841918571093896,0.20168193813044696,0.3575344726687716,0.18116848118267984,,,0.015405105557584316,1.1951522653499147,0.0,0.002557481950029456,0.0003142856378913371
2007-12-31,0.12056856994276281,0.19113689065453593,0.14379503473243155,0.07619252258793498,0.20346448419992355,0.03144905532022365,0.03495917004843059,0.1048159075665548,0.029799211854964373,0.13032485442729472,0.22428621395711826,0.11834840734519828,0.20955767732999783,0.11241527317604322,,,0.024284913064056474,1.252921939701225,0.006041320147952936,0.0033525240972332353,0.002765963820724623
2008-01-31,0.20508016003096327,0.34605590585685425,0.2388687512571702,0.22139220296091477,0.5045613444033463,0.05835800369859584,0.08242559345162262,0.12517263909046267,0.0976069766705308,0.18379219071461775,0.25411556668539653,0.12517263909046267,0.21167907054802707,0.13517764547467534,,,0.12920828101370982,1.6380677461704276,0.012381651926541176,0.01917491466093606,0.0076663072179431946
2008-02-29,0.20275416838942473,0.2503530212191041,0.19626022119137468,0.12208104389373511,0.17006648930672427,0.12847655765663477,0.11532476865009776,0.12378374148920422,0.10622572977276283,0.32750354553937217,0.3078571578314861,0.1926773680241971,0.26890889072893903,0.18520660525099142,,,0.11026379208262274,1.7479151455711397,0.005406453364337257,0.003578162701564759,0.003761278772235791
2008-03-31,0.0020279014584402718,0.017741680086968675,0.00023057835788746963,0.03791645873980948,0.06337617884660066,0.12038256911796053,0.24337378662061412,0.033270632152085644,0.14056381353008449,0.38579519357467834,0.6580242623207625,0.3833002291977409,0.5157111400603861,0.3663422235803992,,,0.08049178151313569,1.7077413869504876,0.0,0.0022183314769918952,0.0005126393294851983
2008-04-30,8.810503033867667e-06,0.011526759487229095,0.0,0.020718721180379422,0.045161583342252,0.1443934298181201,0.2361625263835402,0.022272850290721617,0.08179777568533632,0.7281558101119412,0.9778288401671389,0.5385928357551374,0.8081264231727504,0.5181675220134818,,,0.06563334207929726,1.5363970243743057,0.0,0.0018865147563874092,0.00013469047012904756
2008-05-31,0.026752837449033735,0.03845250782279819,0.027190426547739555,0.025005115672680052,0.026889919835877334,0.08355489947311298,0.1604766053348821,0.023779587746098636,0.035810519323132305,0.619978447015815,1.2269296207119258,0.6922371627300733,1.0913632868256127,0.6902682322619345,,,0.055903603157835303,1.37764908820453,0.0,0.0015587826894587272,0.00014395700681608313
2008-06-30,0.0,0.0006155092856898059,0.0,0.005059393239868401,0.0088761868245597,0.09463424511186116,0.08015476474076157,0.008436285734578788,0.019422418733593582,0.9809099051602013,1.507046805740076,0.8506797597775809,1.344641206527729,0.8336689534358742,,,0.04745789240259765,1.2779650862524443,0.0,0.0014339856457988255,2.0023714593870315e-05
2008-07-31,2.6336404682046808e-05,0.00710616271960885,0.0,0.0022310234228354034,0.011117304092476705,0.1024623317510683,0.0393576817427113,0.006526699976180522,0.005943446844824015,0.9803993181057955,1.5160140118300724,0.8415310362405681,1.4312489958094965,0.8393257901365666,,,0.040480591921392944,1.2155632796155493,0.0,0.0014192543431394073,1.970863812644208e-05
2008-08-31,0.0,0.0009370327496517465,0.0,0.003163027096519943,0.002294577780612984,0.07366621403877206,0.015415995139671346,0.005300548084273369,0.0028116234468488687,0.9156334546213863,1.4225695866039203,0.772792580697235,1.3212989382495686,0.763244784224667,,,0.03604292493633255,1.1806249363855659,0.0,0.0013764391559059558,1.970228619442446e-05
2008-09-30,1.763689475927614e-09,0.0010431286221865325,0.0,0.011623271414808994,0.015469302747965135,0.0729327463579713,0.009831331263991381,0.004267209115507032,0.001263607648571075,0.7555414388079731,1.115570337447455,0.576764537346324,1.0236169142804352,0.5658202596375461,,,0.032545494293885494,1.1618837266710391,0.0,0.0012990635260457378,1.9699461509515004e-05
2008-10-31,0.0060927494642454925,0.01621747312710596,0.0050114289400529375,0.033220665324096336,0.037321266967763084,0.05714806245584951,0.01779988288844651,0.012125741947672398,0.0022225731165854104,0.5741235664783825,0.7440856121131656,0.41441448691441557,0.7082293543785131,0.3721992831396433,,,0.029647964099363138,1.1615012459123633,0.0,0.0014087918381258933,4.480921753398724e-05
2008-11-30,0.1122435622641041,0.13984280368368324,0.125254208566644,0.10525635513801865,0.16468204079872129,0.03655374850576827,0.043403548483263533,0.10948600545325567,0.05370118446878507,0.2092515822374252,0.3580419073513269,0.21273889480274008,0.33423049150004613,0.16720093119097437,,,0.030887227786340392,1.2532227462661667,0.005454649089823533,0.0031515182324678287,0.0034271307487532075
2008-12-31,0.09952788567564202,0.17603008452705052,0.1329861803919184,0.07241893495950755,0.1881628767244244,0.04590645453131694,0.04419173385205165,0.10231738926147822,0.03841190300988457,0.18141920039846715,0.20349530310400668,0.10918929722947861,0.20931256039827623,0.09617890268097995,,,0.03972735393029019,1.382905474507065,0.005805908957717644,0.002845406248989435,0.00322204325899805
2009-01-31,0.08027013874343916,0.10336275912648325,0.08408408302896804,0.05041953282007095,0.11864287655151722,0.053772147916617975,0.07131835638021028,0.05355840667562783,0.04853698104638998,0.26103736854331305,0.2863244431388325,0.15455781007235642,0.19910087125350978,0.11979911613427552,,,0.03685964365502746,1.497207002660233,0.0034659401973098037,0.00237743868267503,0.00038904367369270784
2009-02-28,0.13203092196615063,0.28194523600848165,0.14671084461972447,0.17312059134922858,0.24960708350934493,0.1150744464698555,0.10208617281957816,0.13392369369658333,0.11366577373983829,0.3157397947083088,0.2990944904117211,0.1810345648969919,0.2675342273825042,0.18242470458133409,,,0.03994470161146981,1.5746211269645665,0.007342285931807843,0.0037460377398591364,0.003979984229910482
2009-03-31,0.024840237335808993,0.06162581624040429,0.031481452439454945,0.05360643536346216,0.1443235320594858,0.14323820139542623,0.22782317413719266,0.03296674648911449,0.13009053087935735,0.5236116452370618,0.6229552384549379,0.3647936494708532,0.5294448102627338,0.3529484001385456,,,0.03548835241421804,1.705149855590912,0.0007695338946980396,0.003202067460688366,0.0011730366037388702
2009-04-30,0.02760057152393417,0.05137041642263084,0.03111307554392704,0.03496305958622971,0.044831699803507555,0.09989593464831267,0.2190063701331987,0.02455063590368556,0.08551289022311817,0.4965937319999393,0.8951800159786611,0.5310266078707002,0.8107995178921098,0.5073490965813624,,,0.03264030735821804,1.5323145677177248,8.123864867843136e-05,0.0012249770215331073,0.0003944099136871549
2009-05-31,0.03941174003089302,0.049082997435570826,0.043531592263814894,0.04264255161185725,0.054545718083046126,0.12459966436543372,0.17755529611868648,0.02899360373115621,0.05741358026140392,0.8604687587321806,1.223926422299084,0.7312721454008984,1.1387581515610103,0.7485234176875477,,,0.029637004314503536,1.3923758393761032,0.00036007850821960784,0.0010322660331785018,0.00038073626621159797
2009-06-30,0.015427034606505496,0.029394700609172493,0.017710417120860935,0.010440080898151669,0.034678388897620836,0.12173793456749628,0.10638538562894283,0.02285420159356871,0.022894005891684364,0.8930894186736247,1.2434046738609412,0.7467606536572975,1.1843080815823306,0.720206932594371,,,0.02573266906292706,1.290332401898347,3.289164362745098e-05,0.0010484026227444282,5.0479253359964873e-05
2009-07-31,0.0,0.00126461692629129,0.0,0.002228323961220749,0.0034777134592004683,0.07926928258007887,0.03810953185004422,0.0018428261850098665,0.006850279303281714,1.0070286213779434,1.6067149236291225,0.84528436997226,1.4571722103380915,0.8693434542638167,,,0.022509224172122356,1.2112672554734405,0.0,0.0009383552861472281,1.944891382380204e-05
2009-08-31,0.0,0.005325780316947006,0.0,0.0032153440172065406,0.005835577029565633,0.07991696638471688,0.019953804463939587,0.0017947039576301364,0.0032325156883089,0.9149475191760135,1.3652723954941453,0.7625458804649918,1.2842317798376053,0.7453787913815443,,,0.020726692623058825,1.173773121663397,0.0,0.0009215736479203735,1.978569512859548e-05
2009-09-30,0.005925065952611183,0.004858478684094011,0.0046248751393990935,0.01307146317070402,0.010433301485620135,0.06766522400730844,0.014719345428711594,0.008550346915214729,0.0014428839928270062,0.7754034870796177,1.1123131225345637,0.5881113673342575,1.045222962082768,0.5992170035272386,,,0.019424172264508238,1.1569338177667778,0.0,0.0008734161970187685,1.9444178124454316e-05
2009-10-31,0.08575761440327483,0.138854312322876,0.0934649245749147,0.07158046219819067,0.1622280359744028,0.06298703598652253,0.05308838723968631,0.07151389149759547,0.03576195985011468,0.37914945121364363,0.6774063625951251,0.38090359362029713,0.6058890141312174,0.34044978905480255,,,0.018419799480119216,1.2085274405625284,0.0035677900559686272,0.002038552969101994,0.0033119197040394946
2009-11-30,0.020483731270644102,0.022431404067555477,0.020368967935122717,0.027498376724796856,0.05398596478400853,0.04333692728793523,0.04327636523609411,0.01681408894160915,0.022827249351906075,0.3484147877543376,0.38452830373733554,0.2182610553770973,0.346030979165859,0.1858121933747508,,,0.017382869713618826,1.2560241695117391,0.0,0.0010857159018382665,0.0002863233130218826
2009-12-31,0.16614100166644935,0.26666438441200824,0.20405138887730173,0.13495052198328877,0.21351582460599436,0.037796147345927185,0.044835131246100196,0.10730051641504186,0.04323929098910401,0.17940632647874477,0.20514311543035887,0.10730149466358178,0.18486213633781373,0.10292729493419842,,,0.07051599035090825,1.3669851792834686,0.009520558746611774,0.0021591713056446685,0.002687930989642404
2010-01-31,0.23255661518588222,0.2833549187640772,0.2521926241825163,0.24481275420417029,0.33029607696659324,0.05791267956972939,0.07154440952264263,0.12680499867381956,0.10197313129410285,0.20111090075152496,0.1967579321207301,0.12796437092502272,0.19530837765620443,0.11048715502480098,0.2943691595455802,,0.11210996469920628,1.6011907024342542,0.008639632353329423,0.00849698100105438,0.005846820068224286
2010-02-28,0.2056458422731894,0.31766038540382324,0.2546453611565194,0.22643515419416427,0.2644938325671461,0.07459923747055791,0.09679141808795055,0.1580774087256219,0.12384709054177645,0.1894498452327222,0.2476580223788193,0.17924444359545835,0.2404371301379284,0.1556978131287695,0.29819518866268396,,0.1118409527785914,1.7794742570827107,0.008292445007831373,0.007473648173852683,0.00669042922277231
2010-03-31,0.04588531161660101,0.08562366611533236,0.04634868808409127,0.07610574235426192,0.11764594385033361,0.14420090480081105,0.2345920804370165,0.0702359669760516,0.1833879512299687,0.46182992355563474,0.5212732347184991,0.3551202821989983,0.4545284727035465,0.30933311296361693,0.2623366215877022,,0.07751703857874823,1.8723030126796159,0.0025086195944784315,0.0038405468980212774,0.002575075162129871
2010-04-30,0.1655072475487009,0.23960828455311997,0.20999282314188905,0.14867332670763944,0.18882180176776742,0.1372175283806137,0.2708038284438738,0.1908826052989713,0.19090320945183947,0.44343805537593,0.6832974132876706,0.46525375696348664,0.5708362230414002,0.38036816410007224,0.14874747235822255,,0.0634144248281851,1.779808397572888,0.008960307943803925,0.005636212158245661,0.011833816017394534
2010-05-31,0.021138580079701506,0.029972469303548674,0.021375100652887207,0.02192654884126246,0.034982784745388275,0.13824357348547697,0.26686918582709107,0.026147717447630104,0.12375266245498498,0.7513373422948256,1.058024932834025,0.6705214133682692,0.8657324714848649,0.5759753987814223,0.06561789515600405,,0.05264104583569569,1.6353004339844306,0.0,0.0028431069159903905,0.00020513574552124108
2010-06-30,0.0,0.0007996696198987704,0.0,0.005213324386613706,0.0023978452226531624,0.12901177880912998,0.19846827712978743,0.009509453230980808,0.059186914007377425,0.9336932346576116,1.3551446936337828,0.8263734768079211,1.2127038275009903,0.7742662846964908,0.10398317306778965,,0.04515819227658039,1.436566811438833,0.0,0.001972554249148563,1.8296121374818618e-05
2010-07-31,0.00019823248002341908,0.0022799634353968955,0.0,0.0023344629274970256,0.05189922822617521,0.12397160445014985,0.08142691884943105,0.0071582631717292304,0.018866280876524515,0.9757787305719874,1.5319444650633463,0.8412444298957582,1.4090570817606274,0.8291141426577792,0.0390893407827079,,0.03769154252318118,1.2928052580608203,0.0,0.0018326808410713963,1.7600709610906796e-05
2010-08-31,0.0,0.000876747200169633,0.0,0.003163932353266728,0.0004975127064163156,0.1109168250392797,0.023302215217749153,0.005686572298263944,0.006963437215412403,0.9057692896309295,1.3817246898243083,0.7505575767141301,1.269063602270387,0.7308513915599636,0.037869164273215114,,0.03342132948951843,1.2320074603214495,0.0,0.0017088175447599878,1.749723261861582e-05
2010-09-30,6.011369758846815e-05,0.0008255692782341839,0.0,0.011694095574565884,0.00701050967169436,0.08403269453134699,0.013387113354849177,0.00488902626714097,0.0029390348536924922,0.714235941523553,1.0435957254097317,0.5827006860323983,0.9871927906937561,0.5684256887689751,0.037909530903214424,,0.02997858792146824,1.205267268206365,0.0,0.0015858763074414616,1.7456477971258882e-05
2010-10-31,0.06588466351429162,0.10455166958315151,0.08191841212407665,0.054942064934733345,0.07806062573079872,0.055330097338016,0.04178950344613052,0.07900598780113882,0.02208015001780723,0.3347486021925526,0.570519995121502,0.36387685503562384,0.6260295211393047,0.3169013751423707,0.06501891818401158,,0.027508737430387453,1.2173126313276852,0.0036399783046470583,0.0017899571751107146,0.0007754344656401156
2010-11-30,0.12271133870254859,0.16253593805510466,0.15979775735593502,0.0944093300371608,0.12467970205868152,0.05596824603112863,0.03295836149180493,0.09811109705067987,0.037832501252518955,0.3303955091255694,0.28403845315704407,0.20422417470444418,0.3019470282219206,0.1597463065671034,0.13785481025081078,,0.026112847224269806,1.2898745118003727,0.004915526637713726,0.0024469340366350904,0.007643221300407099
2010-12-31,0.6133466892146102,0.777085935931053,0.6795466932263693,0.46378419720288794,0.6210675594355037,0.03854752377652315,0.03283439831482943,0.11913950741080992,0.07935221045907041,0.12487689418952928,0.14509363170573505,0.11913950741080992,0.16756080127031026,0.09810494926240637,0.3202692724514804,,0.18353454498916394,1.5135630039707997,0.01674912336920392,0.015764150860630727,0.022922589862852658
2011-01-31,0.12353484544379102,0.11764882454933981,0.12516165219098552,0.14695542576442894,0.20483707456009714,0.05755710554991726,0.06294006938358307,0.09974727442293176,0.1107836361533391,0.18395868386808772,0.16726030086698335,0.13020696770236528,0.15512648916683516,0.0992119336975694,0.41793196617336326,,0.1663918788355012,1.9631486399392317,0.003989421345721568,0.02050022815564765,0.006598216025182366
2011-02-28,0.09452764884769614,0.1715257755421717,0.10953724796331879,0.09664667374037805,0.22814510345758351,0.11976821713479761,0.12314082800995864,0.15399832113478523,0.12465788225868868,0.3276301424513285,0.2755569900917826,0.19148112180839552,0.26016439290075183,0.1599848692748536,0.2530829477780288,,0.1508781771470808,1.9735585907907636,0.007350142693980393,0.018747261245742816,0.00477119482733461
2011-03-31,0.2608013853550658,0.3804930728187871,0.31582509459184044,0.2617592937740745,0.3286428998137981,0.17173211423920542,0.19671986530048696,0.24404285238874399,0.1952861474285917,0.39880347127701876,0.37820867532774616,0.32293598699807835,0.3707534815287223,0.272380030496382,0.30085335957700543,,0.12679583359297256,2.077034029788404,0.011194298830294122,0.036673307153967834,0.015242335550491594
2011-04-30,0.04178243190713651,0.06849671408834396,0.040582289447487395,0.04300508945741177,0.04192254126286584,0.1581697915798896,0.28352147302425684,0.07025578141513202,0.23583775833603207,0.41417487189898405,0.6953319836898396,0.48921767792162835,0.5870414942693565,0.391425176469389,0.15632049085902053,,0.08846295520356393,2.0112714899840567,8.45820531607843e-05,0.03486415224715995,0.0008314024593184392
2011-05-31,0.03873177040304507,0.041070470677033996,0.03721751986438956,0.02877054777335711,0.03272621562043006,0.15423659420311814,0.2745084401252442,0.05321412700042082,0.16981306140693708,0.7442872015658212,0.9866790563040044,0.6698945283863079,0.84141465006661,0.5434969227143892,0.0481488310889517,,0.06939325830886903,1.7715074765202738,0.0006742161741568629,0.015378827374151435,0.0002492616762834626
2011-06-30,0.05261765113858914,0.05262428357078563,0.04887189192718663,0.009349162920566022,0.033824150190557886,0.1441215570714764,0.2483229267637207,0.0218003174709408,0.09819069628564782,0.9074544636282446,1.109513839873157,0.7526523296281957,1.0110900323069156,0.6298867950709687,0.0628577560600578,,0.057846878353769414,1.5946222513965518,0.0,0.009768235737552686,2.0915341563116375e-05
2011-07-31,5.3410590903810415e-08,0.004200474138155158,0.0001866884160461179,0.0022284984561416646,0.010647188823102546,0.14960648045864275,0.12868662439287049,0.011226127987035563,0.03438141446194587,0.9790021204034459,1.3552551382044302,0.8124920434511473,1.3139304239550698,0.7613017535898022,0.04011240776582332,,0.04816677999033726,1.4041522234972297,0.0,0.008077181208494669,1.6926488043123306e-05
2011-08-31,0.0007837085836994074,0.0021881297164972864,0.0,0.003244819278251484,0.004526539755569575,0.12374756502822083,0.036996649450834106,0.008341888919396849,0.012270166359881162,0.9240056711558463,1.3556805118751138,0.7486778530334333,1.263952901341908,0.730905766647782,0.03815826028475687,,0.0418081769395702,1.3190490581375016,0.0,0.007000987794214709,1.5868111967198067e-05
2011-09-30,0.0011136440603594015,0.01321208611548194,0.0,0.012153552788901243,0.014275802236922321,0.0971798963548771,0.020147095731960888,0.012350034588242645,0.008673873949068864,0.7182556093241322,1.0338178482542317,0.5689395576529265,1.0202528950950194,0.5847975487980088,0.0387937780826271,,0.037083178279152945,1.2856806881236138,0.0,0.006062038351510205,3.488577948674363e-05
2011-10-31,0.05505906559681217,0.07719856987477326,0.06442010963034421,0.04615413587197273,0.09249431196318272,0.05765101107242743,0.05249290509955333,0.06974822507713878,0.0346153554009282,0.4188807392067618,0.631964409414169,0.3822227884721189,0.5686877543135154,0.2968352017045405,0.04751179690022515,,0.0334415988045302,1.3053502474197027,0.0035345953053098037,0.005910997551299442,0.0007027934692650216
2011-11-30,0.08832962782424758,0.12654201684513905,0.08506394399160587,0.09910844931184389,0.11377023838132641,0.056245836775125825,0.03175899855567245,0.07699168318806074,0.05139644041346137,0.3173117173222673,0.3169814644217858,0.18940440839604214,0.29240672323548667,0.15993863715052548,0.13603997368852566,,0.03128479431378823,1.3625688309287738,0.003571399413231372,0.006674406508810953,0.0016381688558777074
2011-12-31,0.0003721708331335405,0.08756937881035474,0.0,0.013196206763209305,0.03938826267157872,0.02413072796745558,0.03577434074082471,0.01793765473667391,0.022133589063332404,0.19239963591278747,0.2657791415388913,0.12498619770405585,0.21155122556781417,0.10350644693745692,0.08047273765775151,,0.029152554187996862,1.3900437557407246,0.0,0.004773798628845367,1.812650906944992e-05
2012-01-31,0.08620940047889226,0.17491912940994817,0.10189644580596009,0.10797428084318962,0.16213457786954552,0.02749581034069604,0.04738656738262399,0.08995272693515764,0.043308755907638,0.18949038966424914,0.29696126741944395,0.1516996245901748,0.23311752835995977,0.131313146107277,0.09081867340902647,,0.02816894496446745,1.4269299097431085,0.004154433887992159,0.010266786900772039,0.0029205531743059505
2012-02-29,0.029029461124890577,0.12678820047951517,0.0404124762793563,0.06958395676600136,0.1066850676026959,0.08181209836558177,0.08695419783760543,0.04357077029514322,0.08257245111886799,0.2994403584087515,0.34200739077171965,0.20805089576333508,0.3149585471708151,0.20271652707278928,0.09950069624984613,,0.02685774772304314,1.5332843720741138,0.002855537228043134,0.007080185037156748,0.0009937401999812402
2012-03-31,0.1663330106520723,0.20366657170523886,0.19947176281240553,0.15085089342637295,0.17202353849620286,0.10874816720499388,0.151088960819818,0.13055884659705214,0.1056123291499334,0.45318166471266563,0.5140110496636905,0.34189358715086327,0.4704335669621725,0.3088856786712792,0.11447979979784191,,0.026376465753349024,1.5320455501554588,0.00695257575091372,0.009832526037090832,0.009706964200028713
2012-04-30,0.22340051351375476,0.17284332976570138,0.2230150054515025,0.1676536035823254,0.12545792551212168,0.18329829921483326,0.18426796436390003,0.1855744667246533,0.15576681216400926,0.6991876116099198,0.7062465207440333,0.5055481459174647,0.6634355201163625,0.43442703100940894,0.14303459613356675,,0.02757917614963451,1.5040792036080362,0.00960396982447451,0.0042194440531109125,0.009112974809931165
2012-05-31,0.0010358038237591,0.01907985065002775,0.001078013459672912,0.014619565750627209,0.0052279644374676765,0.09964623074276482,0.16100265977180797,0.0035399015405393652,0.0967483632335254,0.6735547196724354,1.158941667840506,0.7479321822643159,1.1151329997771835,0.7441788123097874,0.07426088265323535,,0.025263583056916082,1.405365176205259,0.0,0.0032092059395854083,2.224890887868381e-05
2012-06-30,2.9293372902777832e-05,0.0035594816213381014,0.0012449224135619517,0.0051033884589222174,0.007517907086240521,0.11413459061399113,0.06976233801327812,0.001960467489581553,0.024605866768526996,0.9845443688368074,1.3136264870534236,0.8235418535391874,1.3316028747150095,0.8379585635254034,0.045244396105419284,,0.022578529949414904,1.2948056434981314,0.0,0.002922008739905897,1.323014604885473e-05
2012-07-31,0.0,0.003010605744716317,0.0,0.0022295857626622177,0.0015347205031497235,0.11121446698600014,0.03148539227422314,0.0016376081603574422,0.009131207541472399,0.9677941534456113,1.3866196630591747,0.819426861966623,1.4004915858664686,0.8193647993761182,0.04195469945276629,,0.020051374140235296,1.236535119672086,0.0,0.0028552905068530395,1.2959932114589008e-05
2012-08-31,0.0,0.0046564579390199305,0.0,0.0031934178005427515,0.004756296469422717,0.06804226326432118,0.018849556509047422,0.0019956878975531047,0.00434809443989453,0.9487808606597006,1.3893038918633633,0.7653741560685864,1.3621997948475182,0.8261425431195383,0.04331428750954626,,0.018443397856075298,1.2039275020755413,0.0,0.002720928868733426,1.291239236683846e-05
2012-09-30,0.0,0.010178089286953608,0.0,0.011646782929933236,0.007484005328821087,0.08017926093568929,0.01073729744483269,0.005849464368221261,0.002860347619111816,0.7897179310911646,1.1038400329245428,0.5654729284430671,1.0258838398091816,0.5962382800859345,0.045483048985562664,,0.017536586732323136,1.1846540018224487,0.0,0.0025119920869121405,1.4381701323341073e-05
2012-10-31,0.0184207834890082,0.03339910633257922,0.018245473410733015,0.028306888635644525,0.028349587835562875,0.06513171308991635,0.01670347304199973,0.03266312060335299,0.015802514827390576,0.5222895776879379,0.6621287188883982,0.3979250960771977,0.6457934621414056,0.3651123517084597,0.061132300483903355,,0.016620707716718433,1.1845276198271004,0.0013750226600274511,0.002508376731069182,0.0001725504468613079
2012-11-30,0.04531441337369264,0.08440003459314706,0.07089883831452277,0.07332971729492667,0.12010879498150716,0.03838690888920725,0.02219458370987943,0.083562263904599,0.015206410897789402,0.21714646515600536,0.3511595786477121,0.20209368946803002,0.36170340710674403,0.19480816675633836,0.10133556309735692,,0.016564172883124707,1.206813334514875,0.004128900797513727,0.003509175676207765,0.0005682306134732606
2012-12-31,0.17359752630837605,0.1733842796930845,0.19225185234304165,0.15488787098288925,0.23171016119970692,0.04903885082956143,0.0480634033894594,0.10959788236980669,0.06004349385977114,0.14929120523558023,0.17698956069514432,0.10959788236980669,0.1718131175091349,0.08888062485800821,0.253074397868561,,0.06466023243093334,1.3861007416652422,0.008895746178301965,0.005520365786346273,0.009085348618440275
2013-01-31,0.05182310857666277,0.1421375581460822,0.05490446953128305,0.09038818739467501,0.09409085014441591,0.05838479387455342,0.056393532873047686,0.05301999669491295,0.07442733340528744,0.22378723324308616,0.23638240149653406,0.14078498207652623,0.19367654700076958,0.1079416029805398,0.2691427959665194,,0.05537816628926745,1.4911796398690966,0.0032098122892313687,0.00350990888621274,0.0020013669415190312
2013-02-28,0.05844128335602771,0.14021697423875337,0.08056409464940312,0.0688334139201332,0.0685005337900561,0.10597799898366853,0.09305551491827153,0.055864202972238985,0.0913086863398958,0.35311557438167435,0.3411274441456107,0.20338266714026262,0.28542539322816535,0.17460174631247802,0.2123809533393654,,0.04767239921985256,1.5247231151905707,0.003527044550741176,0.0020175288931968383,0.0027662690129511996
2013-03-31,0.07384729756174373,0.12001258153403392,0.07853911833647087,0.10636034001352608,0.10265502643106642,0.13849635230382265,0.1986916504192825,0.04597658467806269,0.1524962640076298,0.500091275770156,0.6063516027689236,0.37525685617145854,0.49646201462844003,0.34524485863526005,0.15640841123481855,,0.043587436530748244,1.493643448653328,0.002371484073603922,0.0027552300012587388,0.0018707890684616206
2013-04-30,0.008470557353381042,0.0516587540790327,0.0024126421236000724,0.0296199651908474,0.032342286997753336,0.11706452853769304,0.18023353241318585,0.020588858122574865,0.09263474118403849,0.5736170832357587,0.9593024441587193,0.5629304775566278,0.7925487028592016,0.538064922930253,0.08702759358570511,,0.03890335541167687,1.3919517113266742,0.0,0.0017790646660144215,0.00036649349589652357
2013-05-31,0.031040480821988497,0.02742618092293475,0.046935049253883435,0.02794749262536753,0.015600784742887785,0.11402212751244364,0.09953781054991974,0.011495232066235915,0.04554130250436319,0.8801156574420976,1.2784240846979595,0.7367141445462944,1.1368922989021812,0.7627325341726771,0.06142284388756705,,0.03466216874586353,1.2702123705084443,0.0,0.0017479952061863191,0.0002952068911828107
2013-06-30,0.0,0.0037017457024132523,0.0,0.005769161142711059,0.006044891425688136,0.0939523238619063,0.04112387632828853,0.004804102919175472,0.012622354723921007,0.9644331654433633,1.4442078380024228,0.8263860193328806,1.3509491821265596,0.8732626082221705,0.04500880777233924,,0.030586492520006274,1.206031009463883,0.0,0.001631131596707484,1.234657078576969e-05
2013-07-31,0.0017051370923152308,0.006921370818593733,0.0002594736696107586,0.002971670741075205,0.009866183029820645,0.10799459145347534,0.024586911588504172,0.0032809475872447426,0.007023686735866393,0.9533583837881684,1.524981475033249,0.8401235627234148,1.4230476791596642,0.8347553255690653,0.045483662916343946,,0.026977481560947453,1.1699334285705563,0.0,0.0016354770273642601,1.299580411922211e-05
2013-08-31,0.0006622981337167144,0.005111661967274604,0.0027026405270481847,0.004199763323004666,0.016215481808016904,0.10731023549724303,0.019954146459754345,0.0030195761461289414,0.0032025983951849573,0.9056672004598406,1.38486572637745,0.7534229173146877,1.2757364441797794,0.7340720214654689,0.04550542495472953,,0.024733747337336475,1.147137761586865,0.0,0.0015987977334366332,1.2023886544866493e-05
2013-09-30,3.2025214971585643e-05,0.009623527113068485,0.0,0.013177122409732293,0.005804118638727908,0.08191271529330703,0.013709666141905153,0.007195199022139355,0.001403044497789503,0.7670883360816461,1.0292525505682992,0.587442901747144,1.0042921467089303,0.5698185612867267,0.04667018268816152,,0.023041469097461964,1.1363912789929083,0.0,0.0014997059633092024,1.2442748604165313e-05
2013-10-31,0.0036862488463341374,0.021579317642359777,0.004359168732832138,0.030190991553473552,0.03071493635438746,0.04583801777866948,0.015126269012807714,0.00990176207387267,0.018611339458713082,0.43556990534951984,0.7002845781114978,0.38020768883787537,0.659544009603949,0.3501645826041939,0.05034065405929786,,0.02131682937996549,1.1358759362231443,0.0,0.0015400560216214793,0.0002760902627515011
2013-11-30,0.04668658502758542,0.09875238646403384,0.04903531828744835,0.07165463092430834,0.08338573218976968,0.043035258592140774,0.023676942510774276,0.05411356542778161,0.029394250425874548,0.3736516694360071,0.37576396979938415,0.20574444820307564,0.38134107114460464,0.1986567834706563,0.08643082972083224,,0.020978229958776472,1.153538048819745,0.003301865972607843,0.0020986189021178934,0.0016155251755082544
2013-12-31,0.015070482196717847,0.08952507731506494,0.0170655871661794,0.024492396897025606,0.07330272423674264,0.0236388571850461,0.02524699113810189,0.016116870716423943,0.031256411535625354,0.19531971577988635,0.250415317186411,0.1362961440119075,0.22912308196153278,0.11228530287232125,0.09886874086329454,,0.020177070865066666,1.214545985130613,0.0,0.001654781938590903,0.00017503458240346299
2014-01-31,0.02169553313268505,0.10359162014033496,0.03243192163296199,0.06065887481167418,0.07292827449793994,0.03143416405739275,0.0437013878613204,0.020356171815519148,0.03768416612964356,0.19280963046964625,0.31259079987848437,0.17127371340661326,0.30615004999944123,0.16915385797976024,0.08695855062330096,,0.019082151514754512,1.2513490915343766,8.161503650196077e-05,0.002025680851806495,0.0015404006483355878
2014-02-28,0.09203943265822101,0.2863544795565474,0.12770080054626465,0.1562058076952564,0.19848659911049135,0.06371314909521344,0.09678300013024232,0.1398115456632072,0.07815719591828592,0.23300254739082818,0.37174112441467594,0.20350271340076145,0.3645106409941466,0.22329792065969473,0.17156340211694257,,0.021282645210051764,1.3215610457560707,0.007529327306462746,0.0056969811427552575,0.0019654962248668744
2014-03-31,0.11148326002371019,0.12375242761816746,0.09554692013058633,0.13430099184264424,0.12568907353429906,0.1199143732874342,0.19458840589727863,0.04598780576207957,0.15250629469798152,0.5297969007766556,0.6251037629933128,0.3863214850072924,0.6208687844986832,0.3859686558137367,0.17069476341476217,,0.02062746917426196,1.4285360653177355,0.003465388270890196,0.0026234526193266755,0.00801161783573226
2014-04-30,0.058979387100185195,0.0891996563001531,0.04974233595070864,0.09085227237656679,0.06886134322356001,0.11621500804032162,0.19416472053220302,0.07094755485941043,0.13317955591647038,0.563534740847778,0.8712277897288082,0.547067567620355,0.8531179284452284,0.5328768537433299,0.10784826398319966,,0.019932439338365495,1.3628075377370794,0.0035600372508078426,0.0028951987547766148,0.0031406757837620044
2014-05-31,0.007361357088579399,0.020696350654055364,0.0093649674146308,0.01998372173043559,0.009050386781955537,0.1055922824059235,0.11635468284543385,0.002434305516862458,0.057391208249732845,0.905181278976877,1.3006368132740262,0.7737824776683869,1.1919827126446527,0.7677492766003469,0.05648989958465808,,0.01873430023067608,1.25165885797471,0.0,0.0012381005294924347,6.859732234216726e-05
2014-06-30,0.0,0.003422586271851589,0.0,0.005380551091877292,0.0024912197263616113,0.08990344108072448,0.044128713858660185,0.001250969319839845,0.014694524004121853,0.9977649062006473,1.4911069063775095,0.8460558197533858,1.394405440786412,0.8956355101216306,0.04565088216061865,,0.01685888759526902,1.1746595035127148,0.0,0.001168802663811147,1.3064014158560247e-05
2014-07-31,2.7987570986692867e-06,0.0028778775740289685,0.0,0.002625781075515331,0.005362777311105339,0.0779666686877438,0.019449481179827366,0.0008707132277106372,0.005729931560332497,0.9383570537795382,1.5019296371779822,0.8507536165617388,1.4292544840521546,0.850198718884457,0.04793125724259936,,0.01550374249291294,1.137715565048563,0.0,0.0011814234933193643,1.2651323788313215e-05
2014-08-31,0.0,0.004886609127186051,0.0,0.0037142796438025863,0.009268424641899786,0.09545261501534502,0.018919020844936768,0.0012003788048294524,0.004671353908586688,0.8968092557471399,1.3405175005194634,0.7527215054080376,1.286891300188033,0.7428423253910998,0.04484829782599062,,0.014424026358964708,1.1206299044736232,0.0,0.0011679551477187808,1.3274923441750472e-05
2014-09-30,0.0023557366632842415,0.01482578635419657,0.0017305997221263286,0.014781820688627175,0.004036041233022299,0.06009852199187251,0.006982786052888786,0.022957456949917174,0.004768945782875773,0.7950263197783352,1.0712967404793043,0.5818991438283102,1.0247072737607044,0.5933115415156459,0.03948818286892494,,0.013841186420053336,1.1063340151722234,3.5783640431372554e-06,0.0010990954778176232,2.8243913273083034e-05
2014-10-31,0.0,0.05248083997288265,0.08759138308762637,0.025154347491725466,0.02431054750110976,0.03801175281978079,0.01722283959031259,0.03848000119239316,0.012927000903439607,0.44510978989230016,0.7463484239107806,0.421995158199048,0.7366901191373475,0.41747730179540843,0.04166864503749732,,0.01321692864512,1.109965382734222,0.002488941855521569,0.0011683057912393311,0.00022667096271871418
2014-11-30,0.100813802296852,0.0933986884101748,0.034310062107061556,0.090121484257359,0.07192929654833441,0.04556520554060538,0.025845753185781507,0.03366471370156681,0.04514456457491586,0.26844979283536874,0.3484326464565789,0.20544777039079828,0.348329702583872,0.17486811153473344,0.09830164625035634,,0.012875896951265883,1.139253065940616,0.0015948895405725493,0.0014064987030013598,0.003912890934770926
2014-12-31,0.226640995629606,0.2874051853878821,0.27428253552098203,0.2211525461032377,0.3270174711278992,0.049703006180097854,0.044486471011899384,0.12519198191971795,0.08831379819225135,0.161674603797615,0.19255986050884852,0.12519198191971795,0.20663403134015598,0.10460034004599074,0.26959497056030757,,0.09918174892272942,1.4058148383851599,0.012019344569521561,0.01878382658567652,0.007359197227636595
2015-01-31,0.015598092564921884,0.12894699566278447,0.016727510165073355,0.05647229747108348,0.10464667216225525,0.03041346902587458,0.053862234255853604,0.04678740524787507,0.061503145340787685,0.11026418306321711,0.23116456102052987,0.14022639616075608,0.22520586770819098,0.10895453745761893,0.17918997107525067,,0.07871748421953256,1.4660836701269613,0.0004550404919843137,0.0018476646921851791,0.0007729134150647876
2015-02-28,0.09737167538167506,0.1433599574822348,0.11064591405970164,0.09569079363238035,0.11819659007069123,0.12985590138602715,0.10175037248106178,0.08237291593067117,0.12302383888867344,0.38145374146591143,0.35489321382080147,0.2180967514273398,0.32301579401011193,0.19591219436143784,0.1559926942290419,,0.06573679194152157,1.5038572256898828,0.003660549277580391,0.0018890720695449725,0.004501815210713904
2015-03-31,0.01677460519567917,0.0871061427285792,0.01689557369489195,0.07344843469596249,0.08089054897973212,0.142939575866401,0.19125660456646637,0.025464662763544383,0.1369029834798072,0.612961517930177,0.6525673492414656,0.4130882496507747,0.628294074141348,0.4101095123278831,0.09585057953713387,,0.05511884337433098,1.4417055332742346,0.0,0.001435610167865207,0.0018711161289896023
2015-04-30,0.05001686278171425,0.08861393593918834,0.049302798149562455,0.06976455481731292,0.09059627845278212,0.09181771415617226,0.17487292315418224,0.11837193303354399,0.09783627572420445,0.5239053022780809,0.9174403709887669,0.5269824626863565,0.8482515985751016,0.5352929170743781,0.06616506195677539,0.06893593048423076,0.04830604121027766,1.3268793138556327,0.005788470162211762,0.0010089098679126128,0.0011577956030991007
2015-05-31,0.05545136759569864,0.059830299285876805,0.04689355015475164,0.034302460292595316,0.04810675329466321,0.11649765144653929,0.12371236734710876,0.03985384943992269,0.05288789177177808,0.7953581029822144,1.077176966054929,0.6548594908054104,1.048222919104911,0.6400111967799117,0.05552523270479438,0.049421564185053724,0.04222637467527529,1.2520959018898603,0.001245670685482352,0.0009105846032952187,0.0003948566843147384
2015-06-30,0.000322178615757991,0.009558049305795353,0.00010327758833697505,0.006919880088460576,0.010958412668928535,0.08868845736452806,0.06347838550890406,0.01004169506488111,0.020020201261283777,0.9424490454833937,1.4845747203816624,0.8157317997827671,1.3708147558329178,0.8546152608687498,0.046405309265106574,0.04627021147814412,0.03732535446628392,1.1799585796189176,0.0,0.0008136183722031382,1.581880968779665e-05
2015-07-31,0.017262137632118087,0.027080024738295704,0.002877933767029461,0.004239465623236507,0.03584838060624913,0.14231292077905683,0.04881923754109335,0.005132741424368952,0.009020851131052969,0.9365959350423416,1.4285855837892572,0.8288628135350767,1.3835586992352014,0.789765326660718,0.04320275426220379,0.042973590625609,0.03298262136470589,1.1399851214465067,0.0,0.0008385252386806966,1.2842953576363508e-05
2015-08-31,0.0,0.002834298514384573,0.0,0.0035884374805538084,0.009901423484973386,0.08672723789950983,0.02438520165703771,0.004035631827657672,0.005664529219692708,0.8787265995532253,1.3736793127173568,0.7737824543336627,1.308459181684675,0.762968242429671,0.039658167340917476,0.03955546178795862,0.029647866347118437,1.1156915515647075,0.0,0.0008150808987892947,1.2715476167940296e-05
2015-09-30,0.00403660244013077,0.017893994513302078,0.004647091334534645,0.014228539170744472,0.024704415599520732,0.06215161676109759,0.009469231424648625,0.02067077465232347,0.0022395303481610126,0.7356705589558425,1.0529774608209879,0.5729465342817879,1.0059835082866677,0.5814289142771866,0.03808021108024826,0.03802986201166866,0.027307731956354508,1.0987079880676498,0.0,0.0007777365981763284,1.6344153553081852e-05
2015-10-31,0.09550169009886468,0.06820676926238699,0.10507203089232248,0.09434000958451838,0.05709433693769729,0.04369304264331046,0.031724465669257185,0.03701218272661278,0.046496068812367466,0.4219630382599759,0.6218662668349658,0.4022803777354878,0.6913071914591729,0.36407853368516657,0.04472701583924968,0.03864894355128057,0.02522675957639529,1.1097417442748418,0.0017902616127803937,0.000873933381557695,0.002507141461719756
2015-11-30,0.13135375876422706,0.13205248139195097,0.13590571700047213,0.07628547283731407,0.08014953941118501,0.057026803504416794,0.05756019726966731,0.11019905799564521,0.045464184906640344,0.3383368082185263,0.29920536067196507,0.20161840815426132,0.2849807270123059,0.15022367243937723,0.12878786999014927,0.08895221907549043,0.025078993911165488,1.2277720135802896,0.005522222326988236,0.00439674609836494,0.0019700659058502572
2015-12-31,0.1580553875280993,0.20153510667745142,0.16406820453536256,0.14095253752492667,0.14388284116181227,0.04610027233644942,0.046919609987283,0.11760299067582548,0.05228717832467985,0.1704427323286515,0.19175356250451805,0.11997042946372288,0.19748176307884596,0.10859347918662311,0.17958805326443136,0.14490234896867174,0.048751890733578045,1.334973733252186,0.007695857827050984,0.004476757117352532,0.0034512302554558895
2016-01-31,0.20716089463114012,0.376519811627864,0.3264258338850554,0.2381209284951044,0.5728878704173291,0.06511921013713125,0.07172594335013832,0.1243776481994256,0.08150239683486979,0.1677430243622304,0.17690943042719365,0.1243776481994256,0.17964923986417358,0.11902424341254317,0.32966900206135463,0.3218386934179719,0.14920821440632476,1.6133196120861073,0.012180596729713724,0.018166546614492747,0.010104655980023162
2016-02-29,0.09240471252028942,0.11048893614063775,0.01274182005560903,0.09253205752417333,0.26066851310200667,0.11848217976780621,0.1261314737472628,0.06569564792975328,0.1438840281422497,0.3842048212457125,0.3085563573327196,0.2474334032445109,0.29147926491390186,0.20045842904984096,0.27318205891313885,0.32306957214461596,0.10417976678159059,1.796174672547166,0.00031038833340000003,0.06137201418226519,0.0049352995856342865
2016-03-31,0.1527755847005172,0.18066342240124558,0.15953228047374934,0.1842962826871761,0.18549101245464886,0.1678825462709792,0.24205373212415576,0.1673530258925746,0.19581195070433502,0.5159871328914196,0.5248919147670174,0.38368963104210024,0.4789980082552752,0.32775150067092096,0.25435623530062923,0.28409879975423546,0.08244981124919215,1.8164045594402336,0.00780860963499608,0.06780220556729478,0.009717640356026506
2016-04-30,0.0658191747253668,0.12795089553169733,0.0735282194745871,0.07469988060280437,0.08297160139951391,0.14112848169702488,0.2868199552071235,0.09738133078811,0.18427713439652008,0.6096348615003178,0.7918771870133139,0.5480515229195456,0.6988655592146429,0.4666774016927589,0.12315273350269446,0.1538694148606591,0.06701021673150745,1.6885040633137525,0.003913540535466666,0.026820242810165467,0.0033822218616217123
2016-05-31,0.022988604351808273,0.05147967531904632,0.021888122095591912,0.026884759879544678,0.026061798726624914,0.09685271353949167,0.28091934083019315,0.04663779870434458,0.09529094879228175,0.6300005888535019,1.0711863813056526,0.6972050793417809,1.0152453774100176,0.6689301445701687,0.06191408726204903,0.05732950433920499,0.05565848286991059,1.5468640370416793,0.001284345547486274,0.011446733068464053,0.00017541444733374273
2016-06-30,0.0033277988747852194,0.009032315317384097,0.003338656872606538,0.006279631059281123,0.00871916617304057,0.07003891747899661,0.2031040229392945,0.012364050628687001,0.03747438809592495,0.9855464889110821,1.4793219060176677,0.8951515123189111,1.3336174993822696,0.8551529904681757,0.04625052957140123,0.046034580403694576,0.047264528621728634,1.3742312583553566,0.0,0.0072586779608219505,1.0151065594283031e-05
2016-07-31,0.0,0.0021990748202872254,0.0,0.0023495394290274307,0.0080208302105635,0.07422348067021026,0.08021098498980157,0.006948797277111974,0.012750531228627442,0.996938889096946,1.56233334159249,0.9145883582305758,1.4326935882622098,0.8603903821487261,0.042460880378273294,0.04153368518695139,0.04072026115051922,1.2595591098912977,0.0,0.0062629497716102265,8.609063241120816e-06
2016-08-31,8.64398792170715e-06,0.0020932763248639958,0.0,0.003317137997984239,0.0019875066794128407,0.07882360274781446,0.028100497769742546,0.005895091957723223,0.0052389203053225105,0.8949146402629657,1.3690528901310781,0.8160258107442352,1.3130591101776063,0.7651619995315194,0.03918431434928393,0.038583069686141384,0.0360123229991153,1.2077083062803955,0.0,0.005511233963595191,8.601062178671835e-06
2016-09-30,0.0,0.009295326453422554,0.0,0.012266206179571018,0.001105968021012451,0.059576895198491873,0.008797788758881235,0.009481939947746541,0.0022524428106145294,0.7670119428299104,1.0602149446326066,0.617904967652067,1.0031966145371816,0.5786071422448081,0.03795498915747388,0.03787480596952983,0.03255407342451451,1.183940932433747,0.0,0.004793889617871862,8.592702551153958e-06
2016-10-31,0.05609035913124042,0.08624006104111827,0.06976775608049715,0.06355908446620638,0.1072135695325011,0.05662169709245585,0.02815730260906374,0.15726501361485698,0.019224688433023277,0.5096446316263226,0.6438565972951134,0.40739018052207054,0.6610548246107425,0.347254662081415,0.051502300248628355,0.04166723281801471,0.03000751105244863,1.191551795002705,0.008210566099760785,0.0057338905818238185,0.0007584100305601186
2016-11-30,0.044249175653245376,0.11230300087785448,0.04673335866456152,0.0504351596574573,0.08551424115766185,0.03004680500253391,0.03899049088455777,0.09971713061590491,0.04194169247625977,0.20704125930204062,0.3187186553568521,0.2126974411749819,0.342330035935621,0.18369103234125234,0.13146699960417457,0.07948954703236226,0.028323225429734904,1.298318992336093,0.004953590532427452,0.005963468643152198,0.0012547988865035291
2016-12-31,0.19526450462724373,0.3335910558067664,0.21390598917987916,0.14920098265943335,0.22910102370023808,0.043851821108598366,0.04219064175312074,0.1144837739148343,0.04355579458625508,0.16449615167720227,0.16673009298081418,0.1144837739148343,0.19063654692763793,0.10591681097672419,0.24957758558652976,0.19253819674821426,0.09824473840419136,1.4849478568399483,0.011256964489407842,0.010111087820454868,0.008212667077763693
2017-01-31,0.43704843129357335,0.5897975461872385,0.42532699574652855,0.382997188023152,0.5232692744918906,0.08079895920871237,0.07618534543457543,0.12111332566211001,0.1226879009312855,0.18992329220358845,0.15843886645622018,0.12111332566211001,0.17354580397324498,0.12670269528405495,0.4489941473034623,0.4370962360922852,0.34284133778211145,1.9226428484591507,0.07214646921108633,0.2536430802074213,0.013445448753126267
2017-02-28,0.26298666707296586,0.43127161443593925,0.3311813333279258,0.35366813689471155,0.38590492413422967,0.11736013680178387,0.12625900945936755,0.17648170589180523,0.16789501060586004,0.2578301206613243,0.23264867253478935,0.17648170589180523,0.22089863911821453,0.16370646725060342,0.46578925664830295,0.47973473826706153,0.3583053824586291,2.138597965758956,0.14371074399594116,0.3955671442867032,0.021412863658346555
2017-03-31,0.0848847868679916,0.11327557154927821,0.08832743423487995,0.093622844781907,0.0968078521739736,0.19490375063690993,0.23002834772825154,0.2582681903847527,0.22169893542220223,0.5251705523974889,0.4673762303264949,0.3789331111401056,0.44811866774790654,0.3205364622624784,0.2665981758568567,0.3155663072994213,0.17756873505972706,2.027075440790315,0.003543614927105882,0.14186621616034092,0.005453232773229325
2017-04-30,0.08905638612905686,0.1327417044389524,0.09506666766074584,0.10106623280479742,0.13584531314223028,0.13846318366467517,0.30556601493723645,0.23752458303270219,0.2507650284386577,0.46014538123932,0.7238574368870947,0.5201970092484681,0.6248428294340829,0.4431024095296072,0.16154454657215048,0.18832777723901706,0.1159228286092549,1.9317936610389235,0.007138132185211767,0.06390652928783613,0.0034124762706588597
2017-05-31,0.020357720619507705,0.028784288951617394,0.02153690530853215,0.02399783794435126,0.0249586704626148,0.13816796230318276,0.2836798093198286,0.09231649022483365,0.16439411817629843,0.8238330564023967,1.0861314225204655,0.7385627296956393,0.9614679216677625,0.633422568649049,0.06638247314086596,0.06641401603569169,0.0845372929445647,1.704584918719897,4.806754590196078e-05,0.02512141665667198,7.953816569439327e-05
2017-06-30,0.0022235261320488883,0.003525660948077592,0.002109855081392194,0.006932800697616185,0.11040143207877592,0.09637525473609014,0.21926243334537773,0.034519502904759816,0.08345602533232266,0.9870582131773985,1.372161078423563,0.8749654845467719,1.3024116408360498,0.8402239794925547,0.04645655058059125,0.043098471909525086,0.06644391998885649,1.4848949232333333,0.0,0.012479557351778036,9.456575118327503e-05
2017-07-31,0.0,0.0030299240218887467,0.0,0.002342425153833448,0.13271924874953464,0.038272315539213494,0.10331014044324854,0.01982561283589423,0.02587433476592558,0.9935422390129324,1.5699436148553632,0.9052867223985872,1.4730040854720807,0.881655202521369,0.04007049227837166,0.03965536906073513,0.05479550483676863,1.3386151328929956,0.0,0.00991242700772625,3.2233193140274046e-05
2017-08-31,0.00042892071333876296,0.0046896408258080054,0.0,0.004120044289454494,0.006604127716061982,0.07592413173358585,0.059759021368834125,0.02294066990354101,0.00990323776444608,0.9033953438992787,1.2811741475021121,0.7535314124029122,1.35631795539764,0.760022691455961,0.038419647041184155,0.03811099163244583,0.046942949624570976,1.2752669618954013,0.0,0.008514879017884362,3.1325822047509696e-05
2017-09-30,0.012555972965093105,0.019248809807256448,0.01077408721102547,0.020014740927451095,0.017825108680863806,0.08788119425012829,0.07214534693875936,0.0635107430273507,0.011268371779101055,0.7373898899781538,0.9602856759555954,0.5668672565554408,1.0042953720016186,0.5509104066968243,0.03934532522446315,0.03815491835484919,0.041289692013829024,1.2656818915919994,0.0035288082401333334,0.007355328814700861,9.469995484987436e-05
2017-10-31,0.004661187570984635,0.015151731887224107,0.004027855967563568,0.02247219479002363,0.022290922073533677,0.039498774680373765,0.021101947760568826,0.009188698584853812,0.011212449646153812,0.48009494014946985,0.7052771356126603,0.4553943674317096,0.6972086092412861,0.39043625786093694,0.042725267442904113,0.03786958877050441,0.03689528862398746,1.2438908016890347,0.0,0.006629441390230493,8.866378325705007e-05
2017-11-30,0.02823534453198036,0.04747739783823871,0.029250685384346768,0.0681865548088759,0.09437087293181373,0.045448487046955734,0.017624608667089328,0.04859722409657045,0.03544693299194213,0.29578857542181286,0.3216146406667827,0.22216815451585037,0.37517934732372055,0.1998552152631694,0.06417292164698365,0.043298224134671194,0.03344999396412235,1.2588597891999758,0.0025779952502941175,0.006051010396169666,0.0013411349231549265
2017-12-31,0.004638018822120009,0.0613607925979838,0.005433430461844009,0.022790217147802216,0.059011947168412605,0.019989846388356765,0.014907574034639147,0.006071952610725333,0.020758260833019886,0.19194711649050536,0.2618573585391024,0.20507375792930146,0.26992650654427675,0.13429877333019727,0.08005249905089978,0.0432586513904016,0.03046405621960785,1.2837998896961031,0.0,0.005302099908055643,4.6199895123092316e-05
2018-01-31,0.12722630823582293,0.15877686746306463,0.13083767192518606,0.1466394151949736,0.21026122363373226,0.04278804240377422,0.04090083693291821,0.11832526321773773,0.0842513942393881,0.2097385647069536,0.21139450029390539,0.1656768038556181,0.2547242612176105,0.14057873595812018,0.19738359826351787,0.10719377628841185,0.031268636641882355,1.3693202836011187,0.006476713943815678,0.006666882673548121,0.003001382622554547
2018-02-28,0.031357063018952226,0.08805218041878594,0.03937304177096983,0.04472652316710022,0.0841629678227359,0.06872089226775095,0.0642634424125589,0.018218890910828345,0.07319032826137614,0.2947197635897156,0.35298543936014976,0.2212346742862295,0.35508915133856567,0.21030528696236608,0.13361083472792631,0.08182091848577867,0.02875910478827922,1.3818072213179555,0.0,0.004602468890349728,0.0008209590136391544
2018-03-31,0.2816469144123227,0.34820488586156645,0.28939119945688596,0.28970544892979394,0.3038962162642363,0.1321728662539504,0.20558821992375664,0.17597121647249897,0.14792472755171795,0.4897112675428455,0.44993546685154495,0.3156472950904557,0.428425276453566,0.29020604667962036,0.24230285595049864,0.2001041039081989,0.029642559174374906,1.6372039791406574,0.009210175418400008,0.029634256122639747,0.014148539722740865
2018-04-30,0.052932094218513456,0.05322490816250994,0.053948674793614426,0.0688420217147101,0.06199224397951272,0.11691364308004926,0.2706022047766299,0.07911079871801906,0.1867827160294509,0.5243222755212892,0.7609542202376363,0.5373503961642337,0.7650527021957133,0.4895774362514125,0.1453635571544769,0.1584941284938636,0.028788142689581176,1.69732825035307,0.003917765598529411,0.03248941298113039,0.0017884574377641147
2018-05-31,0.00040409516948659895,0.0158748334162538,0.00025207372909853004,0.01802373860789123,0.028045870254582408,0.13582457787786828,0.23381689634830405,0.009324355256579106,0.07417886434909034,0.8113067205976653,1.0487177696954708,0.6869740107081773,1.1569816765544594,0.709573378119062,0.06477610517418264,0.05401151942291598,0.02627187746454588,1.5171675119521908,0.0,0.01258847277935368,0.00013331174206866715
2018-06-30,0.0,0.003000978457699563,0.0,0.005462106792944683,0.000494860970762731,0.10005226005823742,0.1686881990618803,0.0019617588299119075,0.02606096322958747,0.98971085250356,1.388456219413904,0.8290695579733426,1.3772236201408972,0.8584531746432454,0.0516274499889414,0.04263992196261193,0.023736815256997647,1.361060208135426,0.0,0.007162634594999422,2.69146828682495e-05
2018-07-31,6.942543020445685e-05,0.009046513291978682,0.0,0.0024135234684524447,0.010370719891238833,0.03652378112956582,0.10465404647023366,0.0018529219558270252,0.010222404756010404,1.0030452516586807,1.5516139310136299,0.8754415300079003,1.5349611794838587,0.9249637916120661,0.04224525283000733,0.04004200647132458,0.021177004713461962,1.2653728243608633,0.0,0.006051411688612175,2.7112162787182924e-05
2018-08-31,0.0,0.0020341273616591073,0.0,0.003306106627334183,0.002155743567190916,0.07497762800712506,0.047568392557794874,0.0016117265582489876,0.006135704385768474,0.8894663383374884,1.3753685515594114,0.7687564082056147,1.3328215745606462,0.8016911894526341,0.03936559626168595,0.03815650900725673,0.019734234079071374,1.2202917363756267,0.0,0.005237553314949858,2.702869748499314e-05
2018-09-30,0.0,0.006943835018804955,0.0,0.012360363946210241,0.0040320972819220344,0.06708373797666749,0.00864941541188574,0.0014946234017490876,0.0024977226546771454,0.7688663553874042,1.0509309320989197,0.5854862990613533,1.012991861212882,0.6147228143768528,0.03789956091743099,0.037869164273215114,0.01859047925559216,1.1905913681646918,0.0,0.004543049970162843,2.6252307704813434e-05
2018-10-31,0.012608749198167504,0.02325959630006812,0.020745609671871848,0.02832364415167269,0.026540725834308342,0.04666802721632298,0.03605853327516598,0.03294750079117086,0.014805934422357236,0.45779182060392176,0.6241872473481983,0.42279359862589705,0.6973122057883544,0.3701373816780257,0.04497907609085709,0.037963426860303726,0.017452284776608627,1.2051672505220727,0.001978025691678433,0.0046990285156710875,0.000589215663372187
2018-11-30,0.12784651393338345,0.12493835446585304,0.1391145713942979,0.10755202177763146,0.1707178347098038,0.03443516377278076,0.02010485969637138,0.12452225888311406,0.03501167940863231,0.3115586436432319,0.3559758250079893,0.24734875863189815,0.3859365253447046,0.18020352313094043,0.08945992470111672,0.056213731124982146,0.01849350410842353,1.2147651025328234,0.006747526464988232,0.006608636787164127,0.006331433335015234
2018-12-31,0.046413456101679997,0.10783102430123424,0.05307122280287923,0.07287232236897645,0.12725685454995064,0.0374393482979379,0.03467791906962184,0.06785797982494787,0.05375400624364252,0.1534857876162741,0.1472946620809279,0.1413563909972149,0.15930341424134656,0.11458009116157129,0.25072103020291764,0.1788706429905706,0.018046918136771763,1.4496131718240415,0.0035963081514784304,0.004569751091801667,0.0009347626670271957
2019-01-31,0.1615849176296454,0.2636378131562172,0.1835588586231579,0.20283170671864723,0.31965939223543394,0.060318105571002256,0.06750792141821071,0.1463843750803879,0.09669696203607363,0.18476479720498204,0.19705453374265888,0.14675877729397038,0.18721352265490984,0.1414214637352835,0.2942362620605687,0.2190476046165919,0.0841455350129443,1.6233282628032313,0.010241711974662749,0.007437647763093485,0.004667367709328802
2019-02-28,0.2722487920314375,0.2761895275649365,0.28608770098613073,0.260054815600392,0.34243738564955706,0.10024753180620995,0.141121254590569,0.2072221307699687,0.13351036391336538,0.2296869386391926,0.277475389855189,0.2072221307699687,0.18145497966081953,0.18167565860138127,0.38409104428457636,0.34319464942868055,0.15673352816840788,1.930157070839397,0.01824809206932548,0.12839883261313972,0.014606129389881437
2019-03-31,0.2526373586527049,0.2910394384381119,0.258310678255675,0.2419476108293364,0.24439709940006032,0.1759891283656244,0.25009420626520296,0.21985663405893469,0.21669280493671622,0.4540808641857739,0.46569576358530407,0.3432476256599032,0.38622298601453525,0.30030163070062804,0.29581692360865125,0.3381746418199638,0.1229076565775059,2.0137297029308847,0.010002538406156872,0.23805626379313471,0.010091914388233505
2019-04-30,0.029373137592836534,0.0480019630923658,0.026917950825665136,0.06951701832495309,0.05816830536903671,0.13211557969412482,0.3098408461266312,0.07398919745993683,0.21144237828755755,0.5190957752439773,0.7328182367979442,0.5759493271950786,0.6703218904075631,0.4667612058400688,0.12685568002399344,0.1556858954780254,0.08699523524407217,1.8518042637597958,0.0013989120625098037,0.05915259914326461,0.0006937823858050926
2019-05-31,0.1666939097588086,0.13458033567701333,0.16606920817935084,0.07936934580678119,0.1157899408947658,0.15709795234364685,0.3283297844220401,0.2701372885125727,0.13778043894078112,0.6949132844744852,0.8122575618233377,0.6233062737719215,0.8061527368232716,0.5451433731281567,0.12129962431770408,0.07642016677386715,0.07020699889061646,1.756480980826125,0.013278844035200002,0.039050771317749436,0.0023644579636985337
2019-06-30,0.00045878207329945984,0.005468364144367015,0.0,0.007794689203290905,0.006588959636162374,0.1320394555546882,0.38774892923102044,0.018005139163912883,0.0822935337694356,0.9257349790998951,1.209881498868974,0.8605634355004705,1.1974394648252435,0.773059777381045,0.09880174398535552,0.05407078077302786,0.05710630806949648,1.6631661439784011,0.0,0.03229525536334514,2.5462397485328822e-05
2019-07-31,5.551032246716758e-06,0.002643118653794959,0.0,0.002460874198723646,0.00529577987576169,0.09457573160265056,0.2546327859818177,0.01135505997122373,0.02365217867305583,1.0035392034619146,1.4299040844283686,0.9045023783677887,1.4067140023266487,0.8444696770633532,0.04641703577167117,0.04101485852111344,0.047210604547212556,1.4140707564074122,0.0,0.013639762948285459,1.7353905677089095e-05
2019-08-31,0.0,0.0019259353498472496,0.0,0.0033131744176363312,0.0020237889146054308,0.07425472384736816,0.07905873470366563,0.008333892533304653,0.008563481572856978,0.9394763389923514,1.3825887247676676,0.8082192308320038,1.2950484196699772,0.7654278324071434,0.04194253889463778,0.038161998936728,0.04112888521507137,1.3001542451681694,0.0,0.010160043617987481,1.710520935437904e-05
2019-09-30,8.074014008318326e-05,0.009817384929971371,0.0,0.012568039286364656,0.005056773307601282,0.07765748758477439,0.035396033225567246,0.008388572100842227,0.003406802121517398,0.7530390314149591,1.0012121347512564,0.6641221691165419,1.0049883517378544,0.5824818471020247,0.04401412508798997,0.03787529508484311,0.03647600408013804,1.2607646403191255,0.0,0.00815577883572247,1.7048601938500634e-05
2019-10-31,0.0,0.014756318439842094,0.0,0.019770234952193478,0.019352519395387735,0.03482457409731694,0.007244125379932454,0.005126205971513782,0.007848540071677748,0.47081859597296943,0.7246262813894773,0.5052388743973198,0.7107655271035815,0.3813311374227976,0.044392180458280896,0.03786965555423605,0.032906639883243924,1.237230980463745,0.0,0.00719401134265772,0.00010665853949642736
2019-11-30,0.08413938430347519,0.15298318251141282,0.14133296561455905,0.07390490792651704,0.15171908246181492,0.040694124331319546,0.007016207609721081,0.0962698704755696,0.009141112185983853,0.3437834975420556,0.38556536817261533,0.2823725184718842,0.40874843671622385,0.19145742187920542,0.0626875848456434,0.04070107564817783,0.030290771733885495,1.2360096724730738,0.00472917246283922,0.007156871952905144,0.00025268712991509287
2019-12-31,0.20616922079862504,0.287302594967962,0.20873200071157808,0.22290252296636542,0.29856677678136534,0.05742881079557776,0.037902390620422534,0.15044538609924016,0.0956194158749716,0.18524860642585422,0.1731959548597741,0.15726908530421257,0.19558221443198384,0.11497473877066046,0.2794206485059715,0.19323574234815977,0.07927267841967688,1.447092402256255,0.00932244291193334,0.007209052123967812,0.008476050774368457
2020-01-31,0.0517976257084177,0.11034561986819658,0.051231502534094545,0.08280849126609827,0.13875433297832737,0.09074173692815239,0.03311560672773928,0.03793779432554822,0.056756860496865624,0.21227406778056443,0.17926989880770475,0.13669553360451117,0.18706030890700384,0.12665656910227238,0.23789317460216156,,0.06468706872862118,1.5132782237238533,0.0013753689814627454,0.0049771436775815255,0.00584070339626449
2020-02-29,0.004913538361857412,0.097007559314285,0.006241952417144273,0.03221889395173554,0.0634347442993743,0.10743654384536709,0.11209375144275051,0.014709239588393626,0.09354903462944512,0.37695133364910993,0.37861753997179187,0.22064524185460044,0.3522748500396015,0.22023851089243604,0.14364159114375855,,0.0537483055999498,1.656238215117538,1.7636893921568629e-06,0.003905171961563692,0.00026239023697605406
2020-03-31,0.2059072300110708,0.28801424084577426,0.2441955049408552,0.1830826940127859,0.218092054440287,0.12758343740477424,0.19627697919045328,0.13010238612249664,0.15386337366898017,0.35632858903159464,0.4528321499906243,0.3501927502815604,0.4258962995262032,0.28811866778752543,0.16221897987365613,,0.05031272301266824,1.7131542834366147,0.006570719036662737,0.005725952894180236,0.006164473918214211
2020-04-30,0.2034454465969037,0.2179275952431804,0.2363182203044643,0.15203223983975758,0.20627012207883233,0.20625902937507498,0.2652338140587927,0.17868750449192358,0.19190457304862424,0.6607690956545799,0.6620377179870103,0.5243222628744754,0.6721049637563877,0.4554281722932674,0.19201589069874164,,0.049291778480489414,1.7204590312768566,0.010045546145650976,0.005340201204229145,0.003811842245226496
2020-05-31,0.018698180541299843,0.019845765679023995,0.02311758224583537,0.025097527644060206,0.02566906389073555,0.10406080394175601,0.2670162183695235,0.017084873851522044,0.0958328174271766,0.6325204218294169,1.1616557411401571,0.788368003066563,1.0783674392775795,0.7073463597531778,0.0685349118746184,,0.04109399371253961,1.5269699288954761,5.7870651764705886e-06,0.0023795988977103927,0.00024016990469185215
2020-06-30,2.0205160779170787e-05,0.004385447709016782,0.0,0.007329961925440316,0.010921907546964819,0.11926434625732599,0.14852716000783717,0.003496921112134075,0.03576514523485331,0.956906517778807,1.3857690670649676,0.8791876087583019,1.3384954484392462,0.814487654578345,0.04881813808093887,,0.03535203529507138,1.3563179512881176,0.0,0.001966533636834845,2.4843659954866213e-05
2020-07-31,0.0,0.0019335484069410575,0.0,0.0023543163618340145,0.004467080402960325,0.08875829342345233,0.04970556628063878,0.00228894433166992,0.013848776762989746,0.9891768337359195,1.5577562065074864,0.904470298782114,1.4418205081165842,0.8606233947764017,0.04185018482612398,,0.031110750877013333,1.2525258627283562,0.0,0.001873755513949537,1.5810821779354908e-05
2020-08-31,0.0,0.0031862448826262416,0.0,0.0033743587026855626,0.0046192694160978685,0.07466409773365176,0.02264418281566022,0.00199413671434351,0.005881684121029824,0.8568085141643226,1.419610339509839,0.8404885974635632,1.353101907038298,0.7956414080039006,0.04305933627564086,,0.028107948127974906,1.2068548096400107,0.0,0.0017891042757166085,1.585487856104963e-05
2020-09-30,0.0,0.006787732555193984,0.0,0.012401414203266679,0.018268782229299108,0.045958756551688046,0.02075607606354465,0.0017556216556000705,0.008469368543060359,0.7196923704721565,1.0565020653490917,0.6491785791938812,1.0682484699995842,0.6053391000349145,0.04279794024666255,,0.026005332416953728,1.186595431618743,0.0,0.0016753885901827365,3.3926503410024116e-05
2020-10-31,0.0,0.021070458747911427,0.0,0.020334989587181482,0.016723485267340403,0.04151372050066713,0.012146977573789007,0.0024313167719663825,0.010223516368464854,0.5888723691761694,0.7348105355532316,0.46309068877231163,0.7597825440010261,0.3922841458922641,0.0481597977962282,,0.024146382243639217,1.1795268777339243,0.0,0.0016925647164597183,8.896217189804378e-05
2020-11-30,0.02491433028743122,0.0524418420217609,0.02729315689141339,0.04193705993192432,0.10265057202664543,0.032446095596288034,0.030119307606969382,0.037231962286034745,0.028230628248948633,0.21421374096918536,0.31280704264726683,0.2380447141618822,0.40497919011948896,0.19143866435114842,0.06505184665492,,0.02260341063800471,1.2270217602410525,0.0027528335262862733,0.0028057866627252247,0.000746944631797744
2020-12-31,0.04721772862576717,0.14346886906484585,0.05371896994834551,0.06875626358060298,0.16463035527202127,0.028906113202364175,0.030518402845811726,0.060702718231251764,0.03412774291737373,0.1824270509055535,0.1981311269977097,0.14669657228475289,0.23150390799025702,0.12984888877877673,0.10743253684381998,,0.02135848885428706,1.3002692201967978,0.0035305218583450977,0.003405116027996617,0.0008383221602552651
